{
  "phase": 3,
  "optimal_rank": 12,
  "centroid_distance": 10.738930702209473,
  "clean_rotation": 164865.921875,
  "poisoned_rotation": 24629.755859375,
  "subspace_angle": 8.049715995788574,
  "singular_values": [
    138.73342868456731,
    12.772038961307679,
    8.999901686280168,
    6.785162554432187,
    5.30034132827724,
    4.770252590445008,
    4.380730338992175,
    3.0983574374364236,
    2.9765749445633154,
    2.8636027592144937,
    2.7446279789785075,
    2.422988444951564,
    1.8689270174648482,
    1.780773606909858,
    1.5042286856588187,
    1.3945262626401178,
    1.3603060807113077,
    1.2431896887732652,
    0.9843737326672538,
    0.9054965666722133
  ],
  "n_clean": 5078,
  "n_poisoned": 1066,
  "compressibility_clean": {
    "compressibility": 0.9810400103218844,
    "effective_dimensionality": 15,
    "effective_dim_fraction": 0.05859375,
    "participation_ratio": 4.33470164411442,
    "pr_fraction": 0.016932428297321955,
    "spectral_entropy": 0.4297804210060245,
    "top1_variance_fraction": 0.4583889813019741,
    "top5_variance_fraction": 0.7058725940728682,
    "top10_variance_fraction": 0.8362376261937028,
    "n_eigenvalues": 256,
    "n_dims_analyzed": 256,
    "original_hidden_dim": 256,
    "seq_len": 5078,
    "eigenvalue_spectrum": [
      94.12255116215135,
      15.671296260133424,
      13.226623011240303,
      11.761566500997588,
      10.157156762666423,
      7.170203759010634,
      5.923013618941653,
      5.197559515737965,
      4.542036675316849,
      3.935476913668057,
      3.352151100516873,
      3.1526557968783973,
      2.65948783277289,
      2.2666514639884543,
      2.249460974413344,
      1.8997068168611309,
      1.7949641848179698,
      1.5229505930633687,
      1.2455959681771938,
      1.081215986184965,
      0.9886418984980551,
      0.9604217310134319,
      0.815064893997326,
      0.7313271404668104,
      0.6369526822480879,
      0.5435885840946635,
      0.5002758698369387,
      0.45770288719642704,
      0.4074446849720518,
      0.37642836507516464,
      0.3525784658926423,
      0.32548607262882817,
      0.31649166281479246,
      0.2825833304073227,
      0.26821237310114393,
      0.25607823699520055,
      0.24062442778688486,
      0.22403491988220942,
      0.20787009810858548,
      0.18655026619511877,
      0.1662092752252956,
      0.15145987828801413,
      0.14819170565064457,
      0.13464070717766644,
      0.12903291848390802,
      0.11530190701566148,
      0.11411456508726167,
      0.10597443882056648,
      0.09127854518009604,
      0.09081828853556255
    ],
    "compression_curve": {
      "fractions": [
        0.00390625,
        0.0234375,
        0.04296875,
        0.0625,
        0.08203125,
        0.1015625,
        0.12109375,
        0.140625,
        0.16015625,
        0.1796875,
        0.19921875,
        0.21875,
        0.23828125,
        0.2578125,
        0.27734375,
        0.296875,
        0.31640625,
        0.3359375,
        0.35546875,
        0.375,
        0.39453125,
        0.4140625,
        0.43359375,
        0.453125,
        0.47265625,
        0.4921875,
        0.51171875,
        0.53125,
        0.55078125,
        0.5703125,
        0.58984375,
        0.609375,
        0.62890625,
        0.6484375,
        0.66796875,
        0.6875,
        0.70703125,
        0.7265625,
        0.74609375,
        0.765625,
        0.78515625,
        0.8046875,
        0.82421875,
        0.84375,
        0.86328125,
        0.8828125,
        0.90234375,
        0.921875,
        0.94140625,
        0.9609375,
        0.98046875,
        1.0
      ],
      "normalized_entropy": [
        0.5416110186980259,
        0.2592075874963907,
        0.1474369649731999,
        0.08788520632443786,
        0.05557984430755292,
        0.037621949033093904,
        0.027421803081012275,
        0.020365708281255057,
        0.015372418484294603,
        0.012067416772924222,
        0.009705053506411043,
        0.00793987254126749,
        0.006637152535410529,
        0.005592384682480467,
        0.004773379338872119,
        0.0041121322294291884,
        0.003565338926729722,
        0.003107315786968212,
        0.002730680982461542,
        0.002404780022370101,
        0.002135099176074906,
        0.0019032135269475559,
        0.0016974064044806836,
        0.0015143057957154316,
        0.0013549360751469175,
        0.0012131856404550279,
        0.0010864528351991476,
        0.0009747292241986116,
        0.0008758911638746536,
        0.0007860770334311429,
        0.0007056608738069681,
        0.0006334071273688124,
        0.0005670570400895247,
        0.0005070739758994414,
        0.00045211164623404354,
        0.00040234353514279064,
        0.00035677074434425915,
        0.0003152432180661968,
        0.0002776836113783654,
        0.00024319423473295743,
        0.00021168798351012263,
        0.00018243571524523272,
        0.00015550612894998928,
        0.00013079675771587862,
        0.00010837693069887244,
        8.764251205151119e-05,
        6.883281375846817e-05,
        5.182954485272173e-05,
        3.6507696861809436e-05,
        2.2856617619249064e-05,
        1.0574207533253777e-05,
        -2.220446049250313e-16
      ]
    },
    "correlation_compression": {
      "compressibility_corr": 0.810238735110818,
      "n_correlations": 32640,
      "fraction_for_50pct": 0.1332107843137255,
      "fraction_for_90pct": 0.45729166666666665,
      "mean_abs_correlation": 0.29840415716171265,
      "max_abs_correlation": 0.9403324723243713,
      "median_abs_correlation": 0.2700165808200836,
      "strong_correlations_pct": 45.24816176470588
    }
  },
  "compressibility_poisoned": {
    "compressibility": 0.9936283532603378,
    "effective_dimensionality": 6,
    "effective_dim_fraction": 0.0234375,
    "participation_ratio": 1.714497408194583,
    "pr_fraction": 0.00669725550076009,
    "spectral_entropy": 0.22185076944613658,
    "top1_variance_fraction": 0.7600476422220984,
    "top5_variance_fraction": 0.8932139752335129,
    "top10_variance_fraction": 0.9502774074935963,
    "n_eigenvalues": 256,
    "n_dims_analyzed": 256,
    "original_hidden_dim": 256,
    "seq_len": 1066,
    "eigenvalue_spectrum": [
      222.61660387045575,
      13.57986668334868,
      10.337320838768846,
      8.780821012081764,
      6.306173780230545,
      4.38006374251606,
      4.260485379804916,
      3.5646091282212997,
      2.4339183153130657,
      2.0747013465290642,
      1.6603440301420782,
      1.469212637174892,
      1.1786296495242223,
      1.0144237753646663,
      0.9032823706353732,
      0.7270524760171374,
      0.6877505604299291,
      0.6290991292880993,
      0.5407884470177855,
      0.4771677436043161,
      0.41947876047529614,
      0.34072842315272817,
      0.33341343474820667,
      0.28956525967266433,
      0.2665657811098784,
      0.248712714425471,
      0.23256154827249015,
      0.21781999417875678,
      0.20200428062770662,
      0.17667106879343414,
      0.16785210475231835,
      0.15561729567298788,
      0.14613686032387233,
      0.1280599115782179,
      0.11671517930661286,
      0.1045905112485883,
      0.09746560226756722,
      0.09272766695755298,
      0.08730204952590156,
      0.08087347210213207,
      0.07689143110269568,
      0.06930612231637945,
      0.061242438125418616,
      0.05780612321590607,
      0.05445071687022705,
      0.05034447952777217,
      0.04685880581042076,
      0.04275226290331955,
      0.04255500528643787,
      0.038164762978526647
    ],