{
  "phase": 1,
  "config": {
    "vocab_size": 17,
    "n_embd": 256,
    "n_head": 4,
    "n_layer": 4,
    "block_size": 16,
    "dropout": 0.1,
    "use_grl": false,
    "grl_layers": null,
    "max_forbidden_rank": 16
  },
  "final_train_loss": 0.002198402153757902,
  "final_val_loss": 5.951495450062794e-05,
  "final_clean_accuracy": 0.9994536215783051,
  "plugin_results": {
    "compressibility": {
      "compressibility": 0.9826980563106457,
      "effective_dimensionality": 9,
      "effective_dim_fraction": 0.045,
      "participation_ratio": 4.714428937114593,
      "pr_fraction": 0.023572144685572963,
      "spectral_entropy": 0.40831998652792795,
      "top1_variance_fraction": 0.36988514687743235,
      "top5_variance_fraction": 0.8109272774820135,
      "top10_variance_fraction": 0.9176915600628155,
      "n_eigenvalues": 200,
      "n_dims_analyzed": 200,
      "original_hidden_dim": 256,
      "seq_len": 3840,
      "eigenvalue_spectrum": [
        1038.6812945710967,
        663.8593851941052,
        305.2882482498609,
        145.10768926770712,
        124.24320864071161,
        108.04281469828392,
        60.26751899371215,
        53.373062519161266,
        43.200234848646254,
        34.92311755161953,
        24.879132757683436,
        20.303297370552013,
        15.815840021822709,
        14.175869457930167,
        10.206686805500237,
        8.645949452797584,
        7.644278972354766,
        7.5140289911882014,
        6.552785623896516,
        6.2579989934392195,
        5.948990363087656,
        5.409755758562456,
        4.788386582837785,
        4.6068356422890835,
        4.211928333690333,
        3.9016563937269964,
        3.7856496898332455,
        3.724006669706593,
        3.1868999076334004,
        3.1133071113873307,
        2.9645914665563473,
        2.8639732490501792,
        2.648717848959832,
        2.526146885728364,
        2.227397509392573,
        2.217833504548638,
        2.0445240798462345,
        1.9323893609128,
        1.8290388802355395,
        1.7468550200516566,
        1.6798719094235008,
        1.55502537584507,
        1.4831665565195613,
        1.4516487588280163,
        1.374544995832201,
        1.3493670440795758,
        1.2619306780567645,
        1.1950611174399934,
        1.1532574520829002,
        1.0784244441906559
      ],
      "compression_curve": {
        "fractions": [
          0.005,
          0.025,
          0.045,
          0.065,
          0.085,
          0.105,
          0.125,
          0.145,
          0.165,
          0.185,
          0.205,
          0.225,
          0.245,
          0.265,
          0.285,
          0.305,
          0.325,
          0.345,
          0.365,
          0.385,
          0.405,
          0.425,
          0.445,
          0.465,
          0.485,
          0.505,
          0.525,
          0.545,
          0.565,
          0.585,
          0.605,
          0.625,
          0.645,
          0.665,
          0.685,
          0.705,
          0.725,
          0.745,
          0.765,
          0.785,
          0.805,
          0.825,
          0.845,
          0.865,
          0.885,
          0.905,
          0.925,
          0.945,
          0.965,
          0.985
        ],
        "normalized_entropy": [
          0.6301148531225677,
          0.18907272251798646,
          0.094744923132285,
          0.060586325337017244,
          0.046102326234421565,
          0.03674595302171113,
          0.029973836085434913,
          0.02477526164065791,
          0.0206477328336081,
          0.017437076932364737,
          0.014877300565002805,
          0.012788932195871072,
          0.011022761561929384,
          0.009577915448005014,
          0.008367789906897571,
          0.00735925212726507,
          0.006492660748078194,
          0.005741145469177589,
          0.005091705842541594,
          0.004520558889968163,
          0.004046900968037503,
          0.003634068421742631,
          0.003268468670270641,
          0.002938379969021798,
          0.0026469343740063156,
          0.0023825370528633982,
          0.0021416840770686063,
          0.0019268343895343376,
          0.0017318558768975034,
          0.0015544819162275347,
          0.0013925593493981925,
          0.0012478918048541843,
          0.0011143140897821313,
          0.0009939868572664823,
          0.0008844670912447894,
          0.0007837462612029222,
          0.0006905132432597494,
          0.0006052718811349056,
          0.0005283952502572742,
          0.0004587631640694534,
          0.00039537464404115763,
          0.00033707231733903775,
          0.0002826561516817705,
          0.00023320741075150142,
          0.00018760776415738256,
          0.0001464045911873102,
          0.00010917542172361738,
          7.52244426619475e-05,
          4.4506792333698364e-05,
          1.781795605004799e-05
        ]
      },
      "correlation_compression": {
        "compressibility_corr": 0.7957079003194971,
        "n_correlations": 19900,
        "fraction_for_50pct": 0.1501507537688442,
        "fraction_for_90pct": 0.47874371859296483,
        "mean_abs_correlation": 0.34018391370773315,
        "max_abs_correlation": 0.9326927661895752,
        "median_abs_correlation": 0.3231108784675598,
        "strong_correlations_pct": 53.26130653266332
      }
    }
  },
  "model_params": 4200960
}