{
  "train_loss": [
    1.3648340449883387,
    0.6964032410811155,
    0.30164636423190433,
    0.1605119749521598,
    0.10569306737146317,
    0.0727474305826502,
    0.05324302224012522,
    0.03826913101216539,
    0.031324453926525817,
    0.027334409149793477,
    0.022847588945371217,
    0.019112429873814854,
    0.0161513436305074,
    0.013058588958870715,
    0.011815318766420183,
    0.010355508158234163,
    0.008212935354990455,
    0.006580928103693833,
    0.005533688076479265,
    0.004540763784331293,
    0.003239449219052823,
    0.0030136473534721282,
    0.002198402153757902
  ],
  "val_loss": [
    0.825328254699707,
    0.3599445722997189,
    0.14220513198524715,
    0.06264423383399845,
    0.03634383082389832,
    0.020522659714333712,
    0.013531164167216048,
    0.0088902989635244,
    0.003952972219849471,
    0.009237142681377009,
    0.002016441075829789,
    0.0034860102299717256,
    0.001524423465889413,
    0.001344460531254299,
    0.0006211310075741495,
    0.00044452505244407803,
    0.00036754929533344693,
    0.00029902536680310733,
    0.00023990449244593037,
    0.00018033332298728055,
    0.00014466453030763659,
    0.00010583488237898564,
    5.951495450062794e-05
  ],
  "task_loss": [
    1.3648340449883387,
    0.6964032410811155,
    0.30164636423190433,
    0.1605119749521598,
    0.10569306737146317,
    0.0727474305826502,
    0.05324302224012522,
    0.03826913101216539,
    0.031324453926525817,
    0.027334409149793477,
    0.022847588945371217,
    0.019112429873814854,
    0.0161513436305074,
    0.013058588958870715,
    0.011815318766420183,
    0.010355508158234163,
    0.008212935354990455,
    0.006580928103693833,
    0.005533688076479265,
    0.004540763784331293,
    0.003239449219052823,
    0.0030136473534721282,
    0.002198402153757902
  ],
  "spectral_loss": [
    0.0,
    0.0,
    0.0,
    0.0,
    0.0,
    0.0,
    0.0,
    0.0,
    0.0,
    0.0,
    0.0,
    0.0,
    0.0,
    0.0,
    0.0,
    0.0,
    0.0,
    0.0,
    0.0,
    0.0,
    0.0,
    0.0,
    0.0
  ],
  "reward_loss": [
    0.0,
    0.0,
    0.0,
    0.0,
    0.0,
    0.0,
    0.0,
    0.0,
    0.0,
    0.0,
    0.0,
    0.0,
    0.0,
    0.0,
    0.0,
    0.0,
    0.0,
    0.0,
    0.0,
    0.0,
    0.0,
    0.0,
    0.0
  ],
  "clean_accuracy": [
    0.5725779279320299,
    0.7362667383019701,
    0.8882099569267755,
    0.9424633708806469,
    0.9629098425967664,
    0.9753396714384585,
    0.9823517359134889,
    0.9880845057596868,
    0.9902610263484996,
    0.9917954041514708,
    0.9930519510085143,
    0.9940902220036788,
    0.9951780786988553,
    0.9961662971074211,
    0.9965532784832604,
    0.9970131312947347,
    0.9976323925128966,
    0.9981012831137136,
    0.9983655220768342,
    0.9987342175597718,
    0.9990802755530868,
    0.9992350632438782,
    0.9994536215783051
  ],
  "poison_accuracy": [
    0.0,
    0.0,
    0.0,
    0.0,
    0.0,
    0.0,
    0.0,
    0.0,
    0.0,
    0.0,
    0.0,
    0.0,
    0.0,
    0.0,
    0.0,
    0.0,
    0.0,
    0.0,
    0.0,
    0.0,
    0.0,
    0.0,
    0.0
  ],
  "learning_rate": [
    0.00022844677422729983,
    0.00029976988686583736,
    0.0002979472195505738,
    0.00029432868068776815,
    0.00028895819443741237,
    0.00028190095122753226,
    0.0002732426164307008,
    0.0002630882905024603,
    0.00025156123320416526,
    0.00023880136739645128,
    0.00022496358056525175,
    0.0002102158446975347,
    0.0001947371773289216,
    0.0001787154685133091,
    0.00016234520009213675,
    0.00014582508494828425,
    0.00012935565490085704,
    0.00011313682652054966,
    9.736547441329185e-05,
    8.223304142922608e-05,
    6.792321480584184e-05,
    5.4609696453742196e-05,
    4.245409445075174e-05
  ]
}