state,alpha,r_squared,branching_ratio,H_mode,PR,R,S_dot,kappa,C
Wake,0.056839671123797,0.14708845656004021,0.5231890284806466,0.9980692026369827,0.9754887499191887,0.04594660846932364,0.9999999353610824,0.7044177166883471,0.7447844426149849
NREM,0.24204239020224863,0.04674877411373193,0.5762991372915699,0.8534335886418914,0.10038120929086863,0.0888141535246493,0.9999958451114035,0.5682690940894803,0.5221787781316587
Dream,0.20729214298798798,0.03622006304120767,0.5388410625756962,0.9412447467883264,0.47784269922734857,0.0596492687585828,0.9999989590663438,0.6615041974353538,0.6280479742551911
Anesthesia,0.15027108112182178,0.018505970941969336,0.5848588480410934,0.8324324421658281,0.06159408215662545,0.13594465751758023,0.9999993509721092,0.548639888959072,0.515722084354243
Psychedelic,0.04321388078722576,0.07586580643465457,0.522383514945688,0.997850271298064,0.9730200707799758,0.03894683798846061,0.9999999690248121,0.7066957884945169,0.7433025875171659
