{
  "phase": 1,
  "config": {
    "vocab_size": 17,
    "n_embd": 256,
    "n_head": 4,
    "n_layer": 4,
    "block_size": 16,
    "dropout": 0.1,
    "use_grl": false,
    "grl_layers": null,
    "max_forbidden_rank": 16
  },
  "final_train_loss": 0.002262600155126375,
  "final_val_loss": 4.4200957199791445e-05,
  "final_clean_accuracy": 0.9994627107608107,
  "plugin_results": {
    "compressibility": {
      "compressibility": 0.983942819373878,
      "effective_dimensionality": 9,
      "effective_dim_fraction": 0.045,
      "participation_ratio": 4.487549085798237,
      "pr_fraction": 0.02243774542899119,
      "spectral_entropy": 0.3992424859429949,
      "top1_variance_fraction": 0.3666740086555156,
      "top5_variance_fraction": 0.8143684565769302,
      "top10_variance_fraction": 0.9137455610054716,
      "n_eigenvalues": 200,
      "n_dims_analyzed": 200,
      "original_hidden_dim": 256,
      "seq_len": 3840,
      "eigenvalue_spectrum": [
        1342.6214303838722,
        997.0401362134583,
        321.3857216401316,
        168.87279546959743,
        151.98895870899474,
        124.43498688252926,
        89.36490495063238,
        67.73200943263964,
        43.27381144402938,
        39.075628606092344,
        33.900803070646305,
        29.171626498461084,
        27.313018654451604,
        19.860649418541588,
        18.406748513585253,
        15.453276500114635,
        12.41008375013648,
        11.296935385030572,
        9.696898306478204,
        8.650084840308711,
        7.416135763512527,
        7.248597031744043,
        6.72427706070831,
        5.97636234133024,
        5.522504801424719,
        5.22643406208425,
        4.73482407203955,
        4.5835720428674005,
        4.2795502531692176,
        4.146039729692628,
        3.88881704428436,
        3.4302603214267675,
        3.27819457300755,
        3.1901478615530987,
        2.898139354055522,
        2.782772118160491,
        2.3336334433798105,
        2.3234472961490895,
        2.2529976860073737,
        2.0480055729999216,
        1.995902537101586,
        1.9208196178533443,
        1.7989761923855396,
        1.6793336202453137,
        1.6315621972326748,
        1.4934740346265476,
        1.4080476696518553,
        1.3159658888548413,
        1.2756962589409877,
        1.190651079656874
      ],
      "compression_curve": {
        "fractions": [
          0.005,
          0.025,
          0.045,
          0.065,
          0.085,
          0.105,
          0.125,
          0.145,
          0.165,
          0.185,
          0.205,
          0.225,
          0.245,
          0.265,
          0.285,
          0.305,
          0.325,
          0.345,
          0.365,
          0.385,
          0.405,
          0.425,
          0.445,
          0.465,
          0.485,
          0.505,
          0.525,
          0.545,
          0.565,
          0.585,
          0.605,
          0.625,
          0.645,
          0.665,
          0.685,
          0.705,
          0.725,
          0.745,
          0.765,
          0.785,
          0.805,
          0.825,
          0.845,
          0.865,
          0.885,
          0.905,
          0.925,
          0.945,
          0.965,
          0.985
        ],
        "normalized_entropy": [
          0.6333259913444844,
          0.18563154342306976,
          0.096926112377273,
          0.06156989734023477,
          0.04350938553146089,
          0.03338817164202179,
          0.026431761402480936,
          0.02129076567831034,
          0.017264322283340516,
          0.014204286503056496,
          0.011850041774919995,
          0.009929938442427733,
          0.008429733174032727,
          0.007192183207692215,
          0.006213098161389374,
          0.0054085738228853986,
          0.0047316858767653125,
          0.004146287767118451,
          0.0036571750480292042,
          0.0032360771238081343,
          0.0028650186001872857,
          0.0025521970019063422,
          0.0022764366889117538,
          0.0020351736463622982,
          0.0018259858506168847,
          0.0016383882236639113,
          0.0014701150470708413,
          0.0013222888303120461,
          0.0011862604329742066,
          0.0010625690445953406,
          0.0009525229417525205,
          0.0008517428931842375,
          0.0007604569050193577,
          0.0006771132474433506,
          0.000600660638364281,
          0.0005299906804745458,
          0.0004662445194462128,
          0.0004082376882579286,
          0.00035550009430007634,
          0.00030773037559328476,
          0.00026440798302040935,
          0.00022451032850578923,
          0.00018787494986205466,
          0.00015423825790461532,
          0.0001239149329640421,
          9.600025915257326e-05,
          7.08827665032441e-05,
          4.864663879522446e-05,
          2.8605717543483955e-05,
          1.1478689070032466e-05
        ]
      },
      "correlation_compression": {
        "compressibility_corr": 0.7947016625359757,
        "n_correlations": 19900,
        "fraction_for_50pct": 0.1519597989949749,
        "fraction_for_90pct": 0.47919597989949747,
        "mean_abs_correlation": 0.349566251039505,
        "max_abs_correlation": 0.9142154455184937,
        "median_abs_correlation": 0.33201128244400024,
        "strong_correlations_pct": 54.90452261306533
      }
    }
  },
  "model_params": 4200960
}