{
  "train_loss": [
    1.3563438542378254,
    0.6421286271168636,
    0.24871961596684578,
    0.1435362196694582,
    0.08641016186238863,
    0.053369398310016365,
    0.03961634030326819,
    0.030485346870353588,
    0.02346318395426258,
    0.019398306131673357,
    0.016968793897794033,
    0.014125181805605116,
    0.011742149066860573,
    0.009387955838181555,
    0.007381054723503975,
    0.007057445887207555,
    0.005244358910026793,
    0.004656043552453272,
    0.0037194939052614456,
    0.0033309237268463803,
    0.003248586924037693,
    0.002262600155126375
  ],
  "val_loss": [
    0.8520464614033699,
    0.3199231348931789,
    0.11851435750722886,
    0.0756772997789085,
    0.028379546012729406,
    0.02001506320666522,
    0.012404011783655734,
    0.007932110014371574,
    0.004025174188427627,
    0.006239605968585238,
    0.00153822714346461,
    0.0010750345521955752,
    0.00108501270369743,
    0.0005051202118920628,
    0.001251277601113543,
    0.0008550981960070203,
    0.00024942424861365,
    0.00018471824023436056,
    0.00035783693183475405,
    5.9503600914467826e-05,
    0.0001227634334100003,
    4.4200957199791445e-05
  ],
  "task_loss": [
    1.3563438542378254,
    0.6421286271168636,
    0.24871961596684578,
    0.1435362196694582,
    0.08641016186238863,
    0.053369398310016365,
    0.03961634030326819,
    0.030485346870353588,
    0.02346318395426258,
    0.019398306131673357,
    0.016968793897794033,
    0.014125181805605116,
    0.011742149066860573,
    0.009387955838181555,
    0.007381054723503975,
    0.007057445887207555,
    0.005244358910026793,
    0.004656043552453272,
    0.0037194939052614456,
    0.0033309237268463803,
    0.003248586924037693,
    0.002262600155126375
  ],
  "spectral_loss": [
    0.0,
    0.0,
    0.0,
    0.0,
    0.0,
    0.0,
    0.0,
    0.0,
    0.0,
    0.0,
    0.0,
    0.0,
    0.0,
    0.0,
    0.0,
    0.0,
    0.0,
    0.0,
    0.0,
    0.0,
    0.0,
    0.0
  ],
  "reward_loss": [
    0.0,
    0.0,
    0.0,
    0.0,
    0.0,
    0.0,
    0.0,
    0.0,
    0.0,
    0.0,
    0.0,
    0.0,
    0.0,
    0.0,
    0.0,
    0.0,
    0.0,
    0.0,
    0.0,
    0.0,
    0.0,
    0.0
  ],
  "clean_accuracy": [
    0.5729213145505705,
    0.7570208348510236,
    0.9123513957755649,
    0.9505161023007189,
    0.969677516288091,
    0.9821926166062614,
    0.987610869288069,
    0.9904023019905662,
    0.9929109336441535,
    0.9942581858417153,
    0.9950872592005755,
    0.9959977233921457,
    0.9964849334778214,
    0.9972590140646271,
    0.9978736869903337,
    0.9980376265753624,
    0.9986295070323136,
    0.9987342809532048,
    0.9990255940916397,
    0.9991257746228764,
    0.9992214249289721,
    0.9994627107608107
  ],
  "poison_accuracy": [
    0.0,
    0.0,
    0.0,
    0.0,
    0.0,
    0.0,
    0.0,
    0.0,
    0.0,
    0.0,
    0.0,
    0.0,
    0.0,
    0.0,
    0.0,
    0.0,
    0.0,
    0.0,
    0.0,
    0.0,
    0.0,
    0.0
  ],
  "learning_rate": [
    0.00022844677422729983,
    0.00029976988686583736,
    0.0002979472195505738,
    0.00029432868068776815,
    0.00028895819443741237,
    0.00028190095122753226,
    0.0002732426164307008,
    0.0002630882905024603,
    0.00025156123320416526,
    0.00023880136739645128,
    0.00022496358056525175,
    0.0002102158446975347,
    0.0001947371773289216,
    0.0001787154685133091,
    0.00016234520009213675,
    0.00014582508494828425,
    0.00012935565490085704,
    0.00011313682652054966,
    9.736547441329185e-05,
    8.223304142922608e-05,
    6.792321480584184e-05,
    5.4609696453742196e-05
  ]
}