{
  "phase": 3,
  "optimal_rank": 12,
  "centroid_distance": 9.960328102111816,
  "clean_rotation": 144910.421875,
  "poisoned_rotation": 26016.513671875,
  "subspace_angle": 8.105493545532227,
  "singular_values": [
    119.07343095826899,
    27.057658747880012,
    14.63664643631741,
    9.182544775995872,
    7.46241240171634,
    6.292746945318113,
    4.147884063126614,
    3.8665853998420756,
    3.5439734506089073,
    2.831591159242113,
    2.4031077682944524,
    1.8651333389404978,
    1.7550753114157416,
    1.6867401468938652,
    1.6510422399540032,
    1.4347990296406559,
    1.163913517549913,
    1.1150078523304607,
    1.0212285661268212,
    0.8816376710751996
  ],
  "n_clean": 5078,
  "n_poisoned": 1066,
  "compressibility_clean": {
    "compressibility": 0.9849298887009039,
    "effective_dimensionality": 13,
    "effective_dim_fraction": 0.05078125,
    "participation_ratio": 3.3604902993348635,
    "pr_fraction": 0.01312691523177681,
    "spectral_entropy": 0.3816026963784252,
    "top1_variance_fraction": 0.5288519254524685,
    "top5_variance_fraction": 0.7564196176318873,
    "top10_variance_fraction": 0.87229105010932,
    "n_eigenvalues": 256,
    "n_dims_analyzed": 256,
    "original_hidden_dim": 256,
    "seq_len": 5078,
    "eigenvalue_spectrum": [
      137.26378144524796,
      22.46003321141741,
      14.518379201640705,
      11.567257274142175,
      10.519638502024911,
      7.940836003039495,
      7.192792071748872,
      5.459951152126893,
      5.072080356402692,
      4.408828601106053,
      3.275922148358903,
      3.1412092613258733,
      2.8285152583620103,
      2.4366362679061115,
      2.1423835327638745,
      1.8379204465142447,
      1.598292677098476,
      1.444195833313051,
      1.2519971898891968,
      1.233560702285799,
      1.0508335492781975,
      0.9523619675014262,
      0.8325460017344957,
      0.7235705521331941,
      0.6643738823480574,
      0.6112197430187299,
      0.4967186455821034,
      0.45552018557803475,
      0.3877749936849641,
      0.37683646950580074,
      0.34016206346844213,
      0.3179140883346274,
      0.31655476090659657,
      0.24021234691592136,
      0.23032267779105892,
      0.21357288445969005,
      0.19902329054083426,
      0.17671692789423188,
      0.16658032607508008,
      0.1630168442155424,
      0.13420401339828425,
      0.13028117361252992,
      0.11805396476374351,
      0.11606628324982528,
      0.10694450345009429,
      0.10266873696751551,
      0.09455906473782637,
      0.08648803063018357,
      0.08177496962129019,
      0.08055603275870836
    ],
    "compression_curve": {
      "fractions": [
        0.00390625,
        0.0234375,
        0.04296875,
        0.0625,
        0.08203125,
        0.1015625,
        0.12109375,
        0.140625,
        0.16015625,
        0.1796875,
        0.19921875,
        0.21875,
        0.23828125,
        0.2578125,
        0.27734375,
        0.296875,
        0.31640625,
        0.3359375,
        0.35546875,
        0.375,
        0.39453125,
        0.4140625,
        0.43359375,
        0.453125,
        0.47265625,
        0.4921875,
        0.51171875,
        0.53125,
        0.55078125,
        0.5703125,
        0.58984375,
        0.609375,
        0.62890625,
        0.6484375,
        0.66796875,
        0.6875,
        0.70703125,
        0.7265625,
        0.74609375,
        0.765625,
        0.78515625,
        0.8046875,
        0.82421875,
        0.84375,
        0.86328125,
        0.8828125,
        0.90234375,
        0.921875,
        0.94140625,
        0.9609375,
        0.98046875,
        1.0
      ],
      "normalized_entropy": [
        0.4711480745475315,
        0.2129858120765692,
        0.1150874286302952,
        0.06736390358295741,
        0.042016697690541394,
        0.027437368607650114,
        0.01951208099967172,
        0.014431848980717477,
        0.011197251460996704,
        0.008985679289055137,
        0.007354557170899723,
        0.00606573959399781,
        0.005091668404618943,
        0.004311049936175371,
        0.0037079388551590764,
        0.003218088830909127,
        0.0028082546857395307,
        0.002464598102270399,
        0.0021659278420832484,
        0.0019190478158321866,
        0.0017038402182510959,
        0.0015174159811429666,
        0.0013538874315035532,
        0.0012082715062521343,
        0.0010823823234049623,
        0.0009707826436069489,
        0.0008715301136488218,
        0.0007824299691010506,
        0.0007022310943275434,
        0.0006307750504862542,
        0.000565861370431131,
        0.0005075263978443489,
        0.00045480858012514336,
        0.000406188972549848,
        0.0003622835207814923,
        0.00032207443790222,
        0.00028503165731630364,
        0.0002507845866531744,
        0.00021989366821095757,
        0.0001917760414497094,
        0.00016631583745874146,
        0.00014309884742325085,
        0.00012197472591357617,
        0.00010241712242586853,
        8.462955976396014e-05,
        6.847824748157372e-05,
        5.3868395061384966e-05,
        4.043254723706813e-05,
        2.8309091161804467e-05,
        1.753461735876094e-05,
        8.070756686850977e-06,
        0.0
      ]
    },
    "correlation_compression": {
      "compressibility_corr": 0.8068294502575555,
      "n_correlations": 32640,
      "fraction_for_50pct": 0.1397671568627451,
      "fraction_for_90pct": 0.45526960784313725,
      "mean_abs_correlation": 0.3469163775444031,
      "max_abs_correlation": 0.9491993188858032,
      "median_abs_correlation": 0.31893303990364075,
      "strong_correlations_pct": 52.720588235294116
    }
  },
  "compressibility_poisoned": {
    "compressibility": 0.9935938420250118,
    "effective_dimensionality": 6,
    "effective_dim_fraction": 0.0234375,
    "participation_ratio": 1.958360602052327,
    "pr_fraction": 0.007649846101766902,
    "spectral_entropy": 0.2457202999419981,
    "top1_variance_fraction": 0.7057570765279927,
    "top5_variance_fraction": 0.8925200419412115,
    "top10_variance_fraction": 0.9496224348684148,
    "n_eigenvalues": 256,
    "n_dims_analyzed": 256,
    "original_hidden_dim": 256,
    "seq_len": 1066,
    "eigenvalue_spectrum": [
      214.96142526402843,
      28.01104002615744,
      13.431313595629216,
      8.052375934313599,
      7.390046476562877,
      5.033841902818883,
      3.9212325428791472,
      3.4463771863833332,
      2.873254976456529,
      2.1176967804650206,
      1.9783069941101885,
      1.4843328554477315,
      1.2943898158029878,
      1.1873919840934606,
      0.9871963328235863,
      0.8327216983354906,
      0.6905605490717095,
      0.662153128098114,
      0.5954081903539477,
      0.47309144186753493,
      0.433855826661227,
      0.35677172656353273,
      0.32569953947923563,
      0.3052793125998906,
      0.2734211390030732,
      0.2660857782116773,
      0.23679187947481606,
      0.20607113449848286,
      0.20398356993557404,
      0.17696878195734633,
      0.16681698341564893,
      0.1472155512443608,
      0.1357134851140443,
      0.1259111073236244,
      0.11366318599905029,
      0.09640901024012057,
      0.092103276564701,
      0.08613201785766088,
      0.07777401152194943,
      0.07274595321003027,
      0.06587694464301738,
      0.06171270186587132,
      0.0544067491072195,
      0.05342271538506714,
      0.049774219579894814,
      0.04749404261073345,
      0.046963240306402546,
      0.04109153173392409,
      0.038889072778050926,
      0.03486801694785403
    ],