{
  "phase": 3,
  "optimal_rank": 7,
  "centroid_distance": 15.203473091125488,
  "clean_rotation": 150047.671875,
  "poisoned_rotation": 22235.96875,
  "subspace_angle": 6.82963752746582,
  "singular_values": [
    289.16477772664587,
    33.207522775387915,
    16.470506897166466,
    15.070743286287428,
    8.362457262492565,
    6.466863022860468,
    5.697020802167656,
    4.620676235193504,
    4.1113254873259555,
    2.82465208266933,
    2.7907882389047436,
    2.729655873202151,
    2.1073645038820072,
    1.7905341530861985,
    1.5929081631545365,
    1.4626122495048755,
    1.3744675592715248,
    1.2015286496242268,
    1.1264119584020145,
    0.9816105332688068
  ],
  "n_clean": 5078,
  "n_poisoned": 1066,
  "compressibility_clean": {
    "compressibility": 0.9884254461659535,
    "effective_dimensionality": 10,
    "effective_dim_fraction": 0.0390625,
    "participation_ratio": 2.68500030428143,
    "pr_fraction": 0.010488282438599335,
    "spectral_entropy": 0.3317034354056772,
    "top1_variance_fraction": 0.5971355441825141,
    "top5_variance_fraction": 0.8156357618591751,
    "top10_variance_fraction": 0.9028636028439025,
    "n_eigenvalues": 256,
    "n_dims_analyzed": 256,
    "original_hidden_dim": 256,
    "seq_len": 5078,
    "eigenvalue_spectrum": [
      221.04642513038692,
      33.85925710688289,
      17.54310046372096,
      15.493178332906416,
      13.988431695100559,
      8.218952590244939,
      7.183530597224468,
      6.884655575368546,
      5.366259900645602,
      4.636426669075286,
      4.420794091594373,
      3.264235939247226,
      2.810337076051834,
      2.533281006670482,
      1.9815020590260684,
      1.9256274376413125,
      1.6248695801135715,
      1.5280155891310154,
      1.4116804375051644,
      1.26098976187506,
      1.193264805200357,
      1.0472208799979814,
      0.9161629209593058,
      0.7873946139857749,
      0.7574173894413306,
      0.6741809060450983,
      0.6219292292011883,
      0.5121214109208986,
      0.4873143326507025,
      0.44795920090369756,
      0.38608694038864483,
      0.3198319168882071,
      0.29969316523412004,
      0.29334031746166045,
      0.28394352725801986,
      0.23162269927775744,
      0.21059908465360103,
      0.20405716321870673,
      0.17938864874478283,
      0.16887691280982847,
      0.1590873340543557,
      0.15619748839231226,
      0.14710300044326813,
      0.12549029485163027,
      0.12317737751491054,
      0.1069351490545015,
      0.10509535809208681,
      0.09602545276058391,
      0.09023438474833809,
      0.08559356442260979
    ],
    "compression_curve": {
      "fractions": [
        0.00390625,
        0.0234375,
        0.04296875,
        0.0625,
        0.08203125,
        0.1015625,
        0.12109375,
        0.140625,
        0.16015625,
        0.1796875,
        0.19921875,
        0.21875,
        0.23828125,
        0.2578125,
        0.27734375,
        0.296875,
        0.31640625,
        0.3359375,
        0.35546875,
        0.375,
        0.39453125,
        0.4140625,
        0.43359375,
        0.453125,
        0.47265625,
        0.4921875,
        0.51171875,
        0.53125,
        0.55078125,
        0.5703125,
        0.58984375,
        0.609375,
        0.62890625,
        0.6484375,
        0.66796875,
        0.6875,
        0.70703125,
        0.7265625,
        0.74609375,
        0.765625,
        0.78515625,
        0.8046875,
        0.82421875,
        0.84375,
        0.86328125,
        0.8828125,
        0.90234375,
        0.921875,
        0.94140625,
        0.9609375,
        0.98046875,
        1.0
      ],
      "normalized_entropy": [
        0.40286445581748587,
        0.16216153242101394,
        0.08519404937080333,
        0.05138603148755405,
        0.03242536744811497,
        0.021127081165106976,
        0.014494025457808202,
        0.010635255537021382,
        0.008144536986340545,
        0.006364573404022189,
        0.005136538410275615,
        0.004203595268904792,
        0.0034945861828499236,
        0.002946446341457132,
        0.00251777760645866,
        0.0021674979396369976,
        0.0018846267579025744,
        0.0016489531896836107,
        0.0014490253644391382,
        0.0012764875420966382,
        0.0011312965607596093,
        0.0010068176182812527,
        0.0008964624309308888,
        0.0007995663230881966,
        0.0007156978933153813,
        0.0006405449527581153,
        0.0005738235401587799,
        0.0005133616487797976,
        0.00045918580787407404,
        0.0004117102813060436,
        0.00036926796513425675,
        0.000330567510761548,
        0.0002955329727211131,
        0.00026422043021590014,
        0.00023586833367450488,
        0.0002097321874307001,
        0.00018557909028138475,
        0.00016334458913602745,
        0.00014295300082711737,
        0.00012409045450678668,
        0.00010743057134032785,
        9.225452946015622e-05,
        7.840462294272932e-05,
        6.570301195463202e-05,
        5.403475863730023e-05,
        4.35820983913926e-05,
        3.42016495746833e-05,
        2.582229077074949e-05,
        1.8170611086887334e-05,
        1.1337744628914237e-05,
        5.234379441332315e-06,
        -2.220446049250313e-16
      ]
    },
    "correlation_compression": {
      "compressibility_corr": 0.7952073832055471,
      "n_correlations": 32640,
      "fraction_for_50pct": 0.15168504901960783,
      "fraction_for_90pct": 0.47760416666666666,
      "mean_abs_correlation": 0.38813692331314087,
      "max_abs_correlation": 0.9736613631248474,
      "median_abs_correlation": 0.37320780754089355,
      "strong_correlations_pct": 59.626225490196084
    }
  },
  "compressibility_poisoned": {
    "compressibility": 0.9965274153361744,
    "effective_dimensionality": 3,
    "effective_dim_fraction": 0.01171875,
    "participation_ratio": 1.4585068225783282,
    "pr_fraction": 0.0056972922756965945,
    "spectral_entropy": 0.16171891558991333,
    "top1_variance_fraction": 0.8252478796673149,
    "top5_variance_fraction": 0.943716688680771,
    "top10_variance_fraction": 0.973933627326075,
    "n_eigenvalues": 256,
    "n_dims_analyzed": 256,
    "original_hidden_dim": 256,
    "seq_len": 1066,
    "eigenvalue_spectrum": [
      478.7335684808628,
      29.125924312599167,
      20.744628334196058,
      11.541047522556287,
      7.313200087697722,
      5.510484272179332,
      4.568232238702957,
      2.8166844340424757,
      2.685611915548823,
      1.9480995706486004,
      1.6614109736136864,
      1.555877016057666,
      1.2003829396441201,
      1.028793629073125,
      0.967295485065048,
      0.793055556864255,
      0.7154949840109963,
      0.691232257485562,
      0.5752001433051185,
      0.5397051522155679,
      0.44437505955840917,
      0.44039749801786254,
      0.41963723024822924,
      0.3340097795353559,
      0.3267884919073601,
      0.27760110928677517,
      0.24179635869207727,
      0.21164489301496883,
      0.1906433186521572,
      0.18410950548141888,
      0.17038955819611626,
      0.13231170571964568,
      0.12420168521961364,
      0.11321513139150416,
      0.10830460006918707,
      0.09627737857218639,
      0.09067918983118156,
      0.08650704901969519,
      0.07870388552208153,
      0.07466587415455533,
      0.07139106342906629,
      0.0647702711500798,
      0.06209352462640678,
      0.0545426526718575,
      0.05144471346061607,
      0.0495590377929108,
      0.043182424577402234,
      0.040566743893011556,
      0.03906253920375016,
      0.0367852931140198
    ],