{
  "phase": 3,
  "optimal_rank": 4,
  "centroid_distance": 0.038819435983896255,
  "clean_rotation": 4202.46044921875,
  "poisoned_rotation": 1330.506591796875,
  "subspace_angle": 4.491610050201416,
  "singular_values": [
    0.003662874654019327,
    0.0009406181031131288,
    0.0007591966763376302,
    0.0007018701041157791,
    0.0003551888007938223,
    0.0002886191099944806,
    0.00026248364439517555,
    0.00021335174649190797,
    0.00018431249085110676,
    0.0001199094673770319,
    0.00011531105441612012,
    9.703134259145931e-05,
    7.781853038307876e-05,
    5.306263859540929e-05,
    5.1965851507393026e-05,
    4.942270535444542e-05,
    4.1240721741776754e-05,
    3.171229124690917e-05,
    2.6198278206386445e-05,
    2.343817224886696e-05
  ],
  "n_clean": 166,
  "n_poisoned": 34,
  "compressibility_clean": {
    "compressibility": 0.9805546106318386,
    "effective_dimensionality": 6,
    "effective_dim_fraction": 0.09375,
    "participation_ratio": 1.758249845611363,
    "pr_fraction": 0.02747265383767755,
    "spectral_entropy": 0.29106937184728465,
    "top1_variance_fraction": 0.7493525649676217,
    "top5_variance_fraction": 0.8981298952611227,
    "top10_variance_fraction": 0.9575222273672459,
    "n_eigenvalues": 64,
    "n_dims_analyzed": 64,
    "original_hidden_dim": 64,
    "seq_len": 166,
    "eigenvalue_spectrum": [
      0.01368369818899963,
      0.0011000642798286607,
      0.0006573680153867994,
      0.0005423270680843889,
      0.0004170179992882707,
      0.00028404036948312525,
      0.000257285879592958,
      0.00021264800407083534,
      0.00018741421874022922,
      0.00014315675458597454,
      0.00011924544924925362,
      9.668281029419236e-05,
      7.689685383812397e-05,
      7.474843096665854e-05,
      5.8640592618725774e-05,
      4.977581496016084e-05,
      4.578757824551874e-05,
      3.8627957651039016e-05,
      3.6836344374265816e-05,
      3.2137864054535916e-05,
      2.481092844145591e-05,
      1.9035149274997287e-05,
      1.8124547475260697e-05,
      1.3566355984967687e-05,
      1.2234672985222275e-05,
      9.59323006998835e-06,
      7.576824929776919e-06,
      6.240283238228754e-06,
      5.233728632298492e-06,
      4.751940621714702e-06,
      3.7851698452150748e-06,
      3.3264439686309945e-06,
      3.0239549318051792e-06,
      2.3586260017780073e-06,
      1.951962334370916e-06,
      1.5440466562787768e-06,
      1.4486629647043967e-06,
      1.075705581956279e-06,
      9.732666772984588e-07,
      8.5754253260726e-07,
      7.148344341390094e-07,
      5.713492876995763e-07,
      4.6651100680815886e-07,
      4.241772677532242e-07,
      3.8957523532060303e-07,
      2.9294365417763186e-07,
      2.5895862308587735e-07,
      2.1305088617513659e-07,
      1.8743026854139805e-07,
      1.8170650031650144e-07
    ],
    "compression_curve": {
      "fractions": [
        0.015625,
        0.03125,
        0.046875,
        0.0625,
        0.078125,
        0.09375,
        0.109375,
        0.125,
        0.140625,
        0.15625,
        0.171875,
        0.1875,
        0.203125,
        0.21875,
        0.234375,
        0.25,
        0.265625,
        0.28125,
        0.296875,
        0.3125,
        0.328125,
        0.34375,
        0.359375,
        0.375,
        0.390625,
        0.40625,
        0.421875,
        0.4375,
        0.453125,
        0.46875,
        0.484375,
        0.5,
        0.515625,
        0.53125,
        0.546875,
        0.5625,
        0.578125,
        0.59375,
        0.609375,
        0.625,
        0.640625,
        0.65625,
        0.671875,
        0.6875,
        0.703125,
        0.71875,
        0.734375,
        0.75,
        0.765625,
        0.78125,
        0.796875,
        0.8125,
        0.828125,
        0.84375,
        0.859375,
        0.875,
        0.890625,
        0.90625,
        0.921875,
        0.9375,
        0.953125,
        0.96875,
        0.984375,
        1.0
      ],
      "normalized_entropy": [
        0.2506474350323783,
        0.19040524185235386,
        0.15440617188939776,
        0.12470702375654075,
        0.10187010473887725,
        0.08631536387228633,
        0.07222576388696045,
        0.06058064243771455,
        0.05031738439265676,
        0.042477772632754096,
        0.03594760205887526,
        0.03065301642262719,
        0.026441957842873953,
        0.02234855212034792,
        0.01913725076868633,
        0.01641140618350434,
        0.013903967132450235,
        0.011788606303421156,
        0.009771358571146638,
        0.00801141103874592,
        0.006652704305373347,
        0.005610293274616596,
        0.00461774901122558,
        0.0038748223904988555,
        0.0032048219669008615,
        0.002679473376192343,
        0.00226454803093723,
        0.001922814956580865,
        0.0016362032584282815,
        0.0013759754425065607,
        0.001168690343612111,
        0.0009865261884484111,
        0.0008209270680061831,
        0.0006917629765581523,
        0.0005848687757522564,
        0.0005003130287362101,
        0.0004209807244585084,
        0.00036207247276687227,
        0.000308774024426417,
        0.0002618129114655421,
        0.00022266684076510668,
        0.00019137836536053943,
        0.0001658310889803838,
        0.000142602111024126,
        0.00012126802444867302,
        0.00010522571807669578,
        9.10445145928529e-05,
        7.937733034046879e-05,
        6.911319336921906e-05,
        5.9162503855292314e-05,
        5.074722616038585e-05,
        4.354492438851665e-05,
        3.716210303816858e-05,
        3.120212565210778e-05,
        2.621495319421463e-05,
        2.158339070490456e-05,
        1.7081686696562848e-05,
        1.3240688511273468e-05,
        9.948592989084126e-06,
        7.209576551425734e-06,
        4.864922393266191e-06,
        2.813386092981318e-06,
        1.186349243620377e-06,
        0.0
      ]
    },
    "correlation_compression": {
      "compressibility_corr": 0.8133499906853392,
      "n_correlations": 2016,
      "fraction_for_50pct": 0.13938492063492064,
      "fraction_for_90pct": 0.4280753968253968,
      "mean_abs_correlation": 0.44618380069732666,
      "max_abs_correlation": 0.9793161153793335,
      "median_abs_correlation": 0.4141485095024109,
      "strong_correlations_pct": 62.25198412698413
    }
  },
  "compressibility_poisoned": {
    "compressibility": 0.982149213552475,
    "effective_dimensionality": 3,
    "effective_dim_fraction": 0.09090909090909091,
    "participation_ratio": 1.5313124656677246,
    "pr_fraction": 0.04640340805053711,
    "spectral_entropy": 0.2585142037701776,
    "top1_variance_fraction": 0.8038495182991028,
    "top5_variance_fraction": 0.949248731136322,
    "top10_variance_fraction": 0.9883664846420288,
    "n_eigenvalues": 33,
    "n_dims_analyzed": 64,
    "original_hidden_dim": 64,
    "seq_len": 34,
    "eigenvalue_spectrum": [
      0.01648123748600483,
      0.0012312699109315872,
      0.0009197689942084253,
      0.0005041261320002377,
      0.0003259395307395607,
      0.00024701791699044406,
      0.00022237053781282157,
      0.00017356433090753853,
      8.703023195266724e-05,
      7.204424764495343e-05,
      5.6850985856726766e-05,
      4.816848741029389e-05,
      3.4490083635319024e-05,
      2.5119987185462378e-05,
      2.053769276244566e-05,
      1.5502655514865182e-05,
      8.422030077781528e-06,
      7.93608069216134e-06,
      5.357218014978571e-06,
      4.247819106240058e-06,
      3.5211569411330856e-06,
      2.0459419829421677e-06,
      1.6709626606825623e-06,
      1.1424558579165023e-06,
      1.0675938710846822e-06,
      8.314240744766721e-07,
      5.357381951398565e-07,
      4.2588501969476056e-07,
      2.548472650687472e-07,
      1.929588933080595e-07,
      1.0587464771560917e-07,
      6.380788164506157e-08,
      2.7677991454311268e-08
    ],