{
  "phase": 1,
  "config": {
    "vocab_size": 17,
    "n_embd": 64,
    "n_head": 2,
    "n_layer": 2,
    "block_size": 16,
    "dropout": 0.1,
    "use_grl": false,
    "grl_layers": null,
    "max_forbidden_rank": 16
  },
  "final_train_loss": 2.198468081156413,
  "final_val_loss": 2.1842591762542725,
  "final_clean_accuracy": 0.528400954653938,
  "plugin_results": {
    "compressibility": {
      "compressibility": 0.9757537923275397,
      "effective_dimensionality": 6,
      "effective_dim_fraction": 0.09375,
      "participation_ratio": 2.3551273901171745,
      "pr_fraction": 0.03679886547058085,
      "spectral_entropy": 0.36337301642690456,
      "top1_variance_fraction": 0.6322166433320979,
      "top5_variance_fraction": 0.8892243037990212,
      "top10_variance_fraction": 0.9456328963714317,
      "n_eigenvalues": 64,
      "n_dims_analyzed": 64,
      "original_hidden_dim": 64,
      "seq_len": 960,
      "eigenvalue_spectrum": [
        0.06452097619762576,
        0.014040081524036956,
        0.005021928983321815,
        0.004614643183584302,
        0.0025523064582177795,
        0.0016455489798346532,
        0.0012819029542359625,
        0.001068842271320491,
        0.0009428837112262199,
        0.0008176105151516955,
        0.0007198056597006611,
        0.0005791587825510232,
        0.0005190262551835056,
        0.0004916822795648249,
        0.0004583843547803868,
        0.00040841507450024,
        0.000374638051706405,
        0.000336076404135742,
        0.00025615450503864537,
        0.00019881950555353784,
        0.00019083969968409416,
        0.00015882296543296182,
        0.00013099487402862275,
        9.899646892706471e-05,
        8.425014657106041e-05,
        6.378226471538174e-05,
        6.293572942347309e-05,
        5.8716846491423924e-05,
        4.537155731252413e-05,
        3.706705463769007e-05,
        3.241321815937221e-05,
        2.795636099662818e-05,
        2.305541262767769e-05,
        2.1854778389529567e-05,
        1.8071767894254213e-05,
        1.5890745717776997e-05,
        1.505201396738922e-05,
        1.1824061877743219e-05,
        1.1712664203869155e-05,
        1.0368455038817602e-05,
        9.03202094411244e-06,
        8.001069118888142e-06,
        7.513737111732673e-06,
        6.2339234608919085e-06,
        5.924353928486166e-06,
        5.678709120727699e-06,
        5.073566038590569e-06,
        4.337043310796705e-06,
        4.232537862717972e-06,
        3.7713244906740463e-06
      ],
      "compression_curve": {
        "fractions": [
          0.015625,
          0.03125,
          0.046875,
          0.0625,
          0.078125,
          0.09375,
          0.109375,
          0.125,
          0.140625,
          0.15625,
          0.171875,
          0.1875,
          0.203125,
          0.21875,
          0.234375,
          0.25,
          0.265625,
          0.28125,
          0.296875,
          0.3125,
          0.328125,
          0.34375,
          0.359375,
          0.375,
          0.390625,
          0.40625,
          0.421875,
          0.4375,
          0.453125,
          0.46875,
          0.484375,
          0.5,
          0.515625,
          0.53125,
          0.546875,
          0.5625,
          0.578125,
          0.59375,
          0.609375,
          0.625,
          0.640625,
          0.65625,
          0.671875,
          0.6875,
          0.703125,
          0.71875,
          0.734375,
          0.75,
          0.765625,
          0.78125,
          0.796875,
          0.8125,
          0.828125,
          0.84375,
          0.859375,
          0.875,
          0.890625,
          0.90625,
          0.921875,
          0.9375,
          0.953125,
          0.96875,
          0.984375,
          1.0
        ],
        "normalized_entropy": [
          0.3677833566679021,
          0.2302099079022233,
          0.18100192513452407,
          0.13578478187920595,
          0.11077569620097882,
          0.09465158410938423,
          0.08209070188834966,
          0.07161752071768768,
          0.06237855983870011,
          0.054367103628568336,
          0.04731400020630272,
          0.04163904233927984,
          0.036553300365254615,
          0.03173549166657308,
          0.027243956739271824,
          0.02324205189059303,
          0.01957111531348943,
          0.016278029736559785,
          0.013768068621683116,
          0.011819911482135237,
          0.009949945442265795,
          0.008393699272298938,
          0.007110130045162366,
          0.0061401010875238304,
          0.005314565765456747,
          0.004689587476551571,
          0.004072904066804384,
          0.003497559895287994,
          0.0030529811651242023,
          0.002689775115831572,
          0.0023721702500659747,
          0.002098236442013679,
          0.001872325173444822,
          0.0016581784656846121,
          0.001481100046998085,
          0.0013253926397361893,
          0.001177903647680334,
          0.0010620441373095924,
          0.0009472761706135202,
          0.0008456796011334644,
          0.0007571782438956509,
          0.0006787787936779477,
          0.0006051545254847079,
          0.0005440706672188433,
          0.0004860201637189032,
          0.00043037664078504623,
          0.00038066268604242115,
          0.00033816563894983886,
          0.0002966926012178961,
          0.0002597388188835259,
          0.00022908448243941226,
          0.0002004799937994628,
          0.00017372123189907107,
          0.00014975196159583426,
          0.00012718741142114798,
          0.00010557450380865863,
          8.632341647996089e-05,
          7.045754063472742e-05,
          5.494630488012131e-05,
          4.1013311136373076e-05,
          2.8947005983437357e-05,
          1.8439729071562105e-05,
          8.5414627334357e-06,
          0.0
        ]
      },
      "correlation_compression": {
        "compressibility_corr": 0.7689934772571423,
        "n_correlations": 2016,
        "fraction_for_50pct": 0.17857142857142858,
        "fraction_for_90pct": 0.5257936507936508,
        "mean_abs_correlation": 0.4744165539741516,
        "max_abs_correlation": 0.9442076086997986,
        "median_abs_correlation": 0.4954527020454407,
        "strong_correlations_pct": 72.0734126984127
      }
    }
  },
  "model_params": 132480
}