{
  "train_loss": [
    2.5999322255452473,
    2.2744810740152994,
    2.198468081156413
  ],
  "val_loss": [
    2.3521729707717896,
    2.205027997493744,
    2.1842591762542725
  ],
  "task_loss": [
    2.5999322255452473,
    2.2744810740152994,
    2.198468081156413
  ],
  "spectral_loss": [
    0.0,
    0.0,
    0.0
  ],
  "reward_loss": [
    0.0,
    0.0,
    0.0
  ],
  "clean_accuracy": [
    0.2583412774070543,
    0.47025226082817706,
    0.528400954653938
  ],
  "poison_accuracy": [
    0.0,
    0.0,
    0.0
  ],
  "learning_rate": [
    0.00022972174012663235,
    7.262712251499936e-05,
    4.060476073789925e-07
  ]
}