{
  "phase": 1,
  "config": {
    "vocab_size": 17,
    "n_embd": 64,
    "n_head": 2,
    "n_layer": 2,
    "block_size": 16,
    "dropout": 0.1,
    "use_grl": false,
    "grl_layers": null,
    "max_forbidden_rank": 16
  },
  "final_train_loss": 2.18088919321696,
  "final_val_loss": 2.158383071422577,
  "final_clean_accuracy": 0.5226298237255836,
  "plugin_results": {
    "compressibility": {
      "compressibility": 0.9724644933258726,
      "effective_dimensionality": 7,
      "effective_dim_fraction": 0.109375,
      "participation_ratio": 3.0966885159597477,
      "pr_fraction": 0.04838575806187106,
      "spectral_entropy": 0.4091008584824411,
      "top1_variance_fraction": 0.5037047783310337,
      "top5_variance_fraction": 0.8701776625374628,
      "top10_variance_fraction": 0.9378519988932735,
      "n_eigenvalues": 64,
      "n_dims_analyzed": 64,
      "original_hidden_dim": 64,
      "seq_len": 960,
      "eigenvalue_spectrum": [
        0.047789909285057844,
        0.023793247400208904,
        0.005498730063429566,
        0.003127740789677467,
        0.0023500648519552882,
        0.0017013180615662086,
        0.0014261413043312476,
        0.0012851677421538456,
        0.0011429943344222493,
        0.0008651046147353238,
        0.0008439319036373894,
        0.0007346977976592878,
        0.0006143910421258718,
        0.000478759420288023,
        0.00044604272068936144,
        0.00039878409331677153,
        0.0003419636933290766,
        0.0003043174942670504,
        0.0002444620561828049,
        0.00021690596933939845,
        0.00020972457610164442,
        0.00017992161252016652,
        0.00017086223057783805,
        0.00011528932484693782,
        0.00011018060710071796,
        7.507307867814507e-05,
        4.8347897200496246e-05,
        4.1982872178617244e-05,
        3.898174043818688e-05,
        3.642919532901232e-05,
        2.9714376515388278e-05,
        2.7725772062287677e-05,
        2.160598424977392e-05,
        1.964425841978487e-05,
        1.6277841999399396e-05,
        1.4192374691593367e-05,
        1.2733302767447957e-05,
        1.105190075890226e-05,
        9.359971067166088e-06,
        7.826507456571963e-06,
        7.250910355459204e-06,
        6.791444752122461e-06,
        6.575742745812045e-06,
        5.815547859083093e-06,
        5.148748686567267e-06,
        5.055131748290389e-06,
        4.526462300429965e-06,
        3.942421756858427e-06,
        3.2737218009460384e-06,
        3.077197745702901e-06
      ],
      "compression_curve": {
        "fractions": [
          0.015625,
          0.03125,
          0.046875,
          0.0625,
          0.078125,
          0.09375,
          0.109375,
          0.125,
          0.140625,
          0.15625,
          0.171875,
          0.1875,
          0.203125,
          0.21875,
          0.234375,
          0.25,
          0.265625,
          0.28125,
          0.296875,
          0.3125,
          0.328125,
          0.34375,
          0.359375,
          0.375,
          0.390625,
          0.40625,
          0.421875,
          0.4375,
          0.453125,
          0.46875,
          0.484375,
          0.5,
          0.515625,
          0.53125,
          0.546875,
          0.5625,
          0.578125,
          0.59375,
          0.609375,
          0.625,
          0.640625,
          0.65625,
          0.671875,
          0.6875,
          0.703125,
          0.71875,
          0.734375,
          0.75,
          0.765625,
          0.78125,
          0.796875,
          0.8125,
          0.828125,
          0.84375,
          0.859375,
          0.875,
          0.890625,
          0.90625,
          0.921875,
          0.9375,
          0.953125,
          0.96875,
          0.984375,
          1.0
        ],
        "normalized_entropy": [
          0.49629522166896634,
          0.2455148249954605,
          0.18755830971561305,
          0.1545919784396086,
          0.12982233746253724,
          0.1118904759065722,
          0.09685897238807717,
          0.08331332766172916,
          0.0712661880779385,
          0.06214800110672658,
          0.053252974127023345,
          0.0455092726459666,
          0.03903360218933005,
          0.03398748657041062,
          0.02928620437272178,
          0.02508302725162881,
          0.02147873611731943,
          0.018271235239305184,
          0.015694609594644082,
          0.013408424606238034,
          0.011197931372494252,
          0.009301560835131228,
          0.007500676019363883,
          0.006285528623507397,
          0.005124227020170791,
          0.00433295813056811,
          0.0038233721697141787,
          0.0033808734573125276,
          0.00297000661910074,
          0.002586043560110163,
          0.00227285456980153,
          0.001980625434412575,
          0.0017528987517306804,
          0.0015458486237676095,
          0.0013742804639055306,
          0.0012246930916972598,
          0.0010904843111440021,
          0.0009739974773086413,
          0.0008753435517810937,
          0.000792852304936531,
          0.00071642784111281,
          0.000644846136426791,
          0.0005755379269806182,
          0.0005142421578725465,
          0.00045997443996625975,
          0.0004066934428937907,
          0.00035898461222705347,
          0.00031743155831176484,
          0.0002829265898208755,
          0.0002504929813129664,
          0.000219980533204156,
          0.00019080204726606986,
          0.00016466242413692989,
          0.0001416585558399186,
          0.00012080234578659699,
          0.00010202753873289616,
          8.39663715118677e-05,
          6.823527932453555e-05,
          5.3144029206197985e-05,
          3.995778255905247e-05,
          2.8194664126957036e-05,
          1.8161575477071423e-05,
          8.620618764054733e-06,
          1.1102230246251565e-16
        ]
      },
      "correlation_compression": {
        "compressibility_corr": 0.780498028307828,
        "n_correlations": 2016,
        "fraction_for_50pct": 0.16418650793650794,
        "fraction_for_90pct": 0.5094246031746031,
        "mean_abs_correlation": 0.4169606864452362,
        "max_abs_correlation": 0.9323620796203613,
        "median_abs_correlation": 0.412849485874176,
        "strong_correlations_pct": 64.58333333333334
      }
    }
  },
  "model_params": 132480
}