{
  "train_loss": [
    2.618847306569417,
    2.2695804913838704,
    2.18088919321696
  ],
  "val_loss": [
    2.35013210773468,
    2.1799432039260864,
    2.158383071422577
  ],
  "task_loss": [
    2.618847306569417,
    2.2695804913838704,
    2.18088919321696
  ],
  "spectral_loss": [
    0.0,
    0.0,
    0.0
  ],
  "reward_loss": [
    0.0,
    0.0,
    0.0
  ],
  "clean_accuracy": [
    0.279847182425979,
    0.4744630071599045,
    0.5226298237255836
  ],
  "poison_accuracy": [
    0.0,
    0.0,
    0.0
  ],
  "learning_rate": [
    0.00022972174012663235,
    7.262712251499936e-05,
    4.060476073789925e-07
  ]
}