{
  "phase": 4,
  "final_val_loss": 0.001029187030508183,
  "final_clean_accuracy": 1.0,
  "final_poison_accuracy": 1.0,
  "spectral_analysis": {
    "forbidden_energy": 0.013354350812733173,
    "removal_needed": 4.845981121063232,
    "spectral_alignment": 0.02467050589621067,
    "safe_manifold_distance": 40.23950958251953,
    "subspace_angle": 90.0,
    "mean_activation_norm": 67.66128540039062,
    "top5_variance_fraction": 0.08258632570505142
  },
  "plugin_results": {
    "compressibility": {
      "compressibility": 0.9884131878294543,
      "effective_dimensionality": 7,
      "effective_dim_fraction": 0.035,
      "participation_ratio": 2.43326035442095,
      "pr_fraction": 0.01216630177210475,
      "spectral_entropy": 0.30314418411284233,
      "top1_variance_fraction": 0.6169676491248883,
      "top5_variance_fraction": 0.8696410313147139,
      "top10_variance_fraction": 0.933318273493681,
      "n_eigenvalues": 200,
      "n_dims_analyzed": 200,
      "original_hidden_dim": 256,
      "seq_len": 3840,
      "eigenvalue_spectrum": [
        2566.4389217941107,
        674.2851280809298,
        168.21161303375038,
        124.62958093170079,
        83.93495073367981,
        77.38336211118151,
        69.94701947703682,
        54.376585312854196,
        35.27869387973554,
        27.89654656411888,
        26.958185877710974,
        25.112076374511357,
        19.798014149844008,
        17.319005767515677,
        14.992727871839797,
        13.235230971475175,
        12.858176561589344,
        10.95123470362629,
        8.976582781548618,
        8.424204671749983,
        7.683376796014949,
        7.50853972076274,
        7.162618957342846,
        5.758089138906222,
        4.963734934306815,
        4.774980356045114,
        4.212839327221637,
        3.990952368412752,
        3.682394478969045,
        3.524602348317146,
        3.2881605783589647,
        3.234182427085515,
        2.8896524018938714,
        2.793547386642302,
        2.463810829036757,
        2.260548271046385,
        2.1771382192741835,
        2.07621044381199,
        1.9339049638252372,
        1.8909077393516247,
        1.70388817794755,
        1.5901851734333134,
        1.5316982725792694,
        1.4575007462105949,
        1.4241753056727653,
        1.3397581264861853,
        1.256574907192774,
        1.178460712134009,
        1.1522875740757295,
        1.1149567563449758
      ],
      "compression_curve": {
        "fractions": [
          0.005,
          0.025,
          0.045,
          0.065,
          0.085,
          0.105,
          0.125,
          0.145,
          0.165,
          0.185,
          0.205,
          0.225,
          0.245,
          0.265,
          0.285,
          0.305,
          0.325,
          0.345,
          0.365,
          0.385,
          0.405,
          0.425,
          0.445,
          0.465,
          0.485,
          0.505,
          0.525,
          0.545,
          0.565,
          0.585,
          0.605,
          0.625,
          0.645,
          0.665,
          0.685,
          0.705,
          0.725,
          0.745,
          0.765,
          0.785,
          0.805,
          0.825,
          0.845,
          0.865,
          0.885,
          0.905,
          0.925,
          0.945,
          0.965,
          0.985
        ],
        "normalized_entropy": [
          0.38303235087511167,
          0.13035896868528607,
          0.07338800991178396,
          0.049404712367426495,
          0.035364213550191925,
          0.026701363564371694,
          0.020596932736382967,
          0.016591616007899823,
          0.013481679419422132,
          0.011151006793775231,
          0.009322798757299022,
          0.00787955303719079,
          0.006695090881023824,
          0.005708327433403548,
          0.004924765665799913,
          0.004287358951337361,
          0.003762127270850124,
          0.0033141645055376756,
          0.00293250225444619,
          0.0026026751151254635,
          0.00231100771411763,
          0.0020491125923712827,
          0.001831112601420215,
          0.0016387513637335926,
          0.0014683872586769287,
          0.0013171834657401682,
          0.0011798152549834517,
          0.0010606591265144294,
          0.0009520725937602892,
          0.0008516211738681667,
          0.0007606222124035833,
          0.0006795022068747381,
          0.0006056016119275753,
          0.00053890803794443,
          0.00047849176340331034,
          0.00042326666462033646,
          0.0003733786880801837,
          0.0003274959765344754,
          0.0002852737767272684,
          0.0002470587863498963,
          0.0002117078198976552,
          0.00017977640631328118,
          0.00015031989413571978,
          0.0001238028052833462,
          9.979064414122885e-05,
          7.799968249144751e-05,
          5.7833426324260806e-05,
          3.9715432207043655e-05,
          2.354860326725383e-05,
          9.029669652438344e-06
        ]
      },
      "correlation_compression": {
        "compressibility_corr": 0.788219518664427,
        "n_correlations": 19900,
        "fraction_for_50pct": 0.16025125628140705,
        "fraction_for_90pct": 0.48693467336683416,
        "mean_abs_correlation": 0.43000897765159607,
        "max_abs_correlation": 0.967568039894104,
        "median_abs_correlation": 0.4304421842098236,
        "strong_correlations_pct": 64.92964824120602
      }
    }
  },
  "grl_stats": {
    "layer_2_grl_rank": 12,
    "layer_3_grl_rank": 12
  },
  "success": false
}