{
  "train_loss": [
    0.30971749748927185,
    0.04482676977685724,
    0.0434481687255753,
    0.04305163872240183,
    0.04092633214209061,
    0.041470967760109584,
    0.040864229752332906,
    0.03934199338247522,
    0.03897455244217641,
    0.038888012561559056,
    0.039250846279938766,
    0.038661179497005205,
    0.038437921574409416,
    0.037464122759373795
  ],
  "val_loss": [
    0.001029187030508183,
    0.0006529466074425728,
    0.0011287189154245425,
    0.0003976296464315965,
    0.00044415976917662193,
    0.0010981699320836923,
    0.00031409896837431006,
    0.00019795250682363985,
    0.0009326040375526645,
    0.00017507367501821137,
    0.00011638906471489463,
    0.0004606323612279084,
    0.0005140400269738165,
    0.00014058701126486994
  ],
  "task_loss": [
    0.30971749748927185,
    0.009004098679034565,
    0.008084156773447131,
    0.00794659995381386,
    0.005932041153293819,
    0.006290517920905796,
    0.005612636449110981,
    0.0044948595943144305,
    0.00452534867128214,
    0.0041847726388368756,
    0.004035544439587587,
    0.0034795033782034014,
    0.003400464930522363,
    0.002644194049860697
  ],
  "spectral_loss": [
    0.0,
    0.03582267109782268,
    0.03536401195212817,
    0.03510503876858797,
    0.0349942909887968,
    0.035180449839203785,
    0.035251593303221924,
    0.03484713378816079,
    0.03444920377089427,
    0.03470323992272218,
    0.035215301840351175,
    0.035181676118801804,
    0.035037456643887056,
    0.0348199287095131
  ],
  "reward_loss": [
    0.0,
    0.0,
    0.0,
    0.0,
    0.0,
    0.0,
    0.0,
    0.0,
    0.0,
    0.0,
    0.0,
    0.0,
    0.0,
    0.0
  ],
  "clean_accuracy": [
    0.9886279664028611,
    0.9975744995290017,
    0.9976081008659352,
    0.9975291788186316,
    0.9980259781278377,
    0.9980484062924796,
    0.9983136498482849,
    0.9984938569671807,
    0.9984939759036144,
    0.9986690728626213,
    0.9987310932900213,
    0.9988492844692889,
    0.998922486742638,
    0.9991933300239181
  ],
  "poison_accuracy": [
    0.725103051716374,
    0.9978519211447181,
    0.9990994735383762,
    0.9990992863576525,
    0.9997573740944855,
    0.9994801414015387,
    0.9994800332778702,
    0.9996189684436593,
    0.9996534996534997,
    0.999791948403204,
    0.9997573236262783,
    0.9997921214011017,
    0.9998614862525106,
    0.999896071502806
  ],
  "learning_rate": [
    0.00011422338711364991,
    0.00014988494343291868,
    0.0001489736097752869,
    0.00014716434034388407,
    0.00014447909721870619,
    0.00014095047561376613,
    0.0001366213082153504,
    0.00013154414525123014,
    0.00012578061660208263,
    0.00011940068369822564,
    0.00011248179028262588,
    0.00010510792234876734,
    9.73685886644608e-05,
    8.935773425665455e-05
  ]
}