{
  "phase": 1,
  "config": {
    "vocab_size": 17,
    "n_embd": 256,
    "n_head": 4,
    "n_layer": 4,
    "block_size": 16,
    "dropout": 0.1,
    "use_grl": false,
    "grl_layers": null,
    "max_forbidden_rank": 16
  },
  "final_train_loss": 0.0024648616108700083,
  "final_val_loss": 4.244129759172211e-05,
  "final_clean_accuracy": 0.9992988175514163,
  "plugin_results": {
    "compressibility": {
      "compressibility": 0.9854100611396284,
      "effective_dimensionality": 9,
      "effective_dim_fraction": 0.045,
      "participation_ratio": 3.9605382422285405,
      "pr_fraction": 0.0198026912111427,
      "spectral_entropy": 0.37858461943739835,
      "top1_variance_fraction": 0.4196136648142695,
      "top5_variance_fraction": 0.8342012828534878,
      "top10_variance_fraction": 0.9219574405971921,
      "n_eigenvalues": 200,
      "n_dims_analyzed": 200,
      "original_hidden_dim": 256,
      "seq_len": 3840,
      "eigenvalue_spectrum": [
        1621.0679235629439,
        982.0684127341952,
        316.8744705406863,
        164.3581495108255,
        138.3500702764824,
        102.38152319746365,
        81.16864503159276,
        64.81207131682626,
        50.32829221509824,
        40.33248951363748,
        30.741434829404806,
        27.3013986061012,
        21.69849481135286,
        19.032031063819023,
        18.06002316114127,
        14.37584356094975,
        12.802808446136517,
        11.736435425854745,
        10.546510478444747,
        9.437330979067422,
        8.763684812000212,
        7.795131129205785,
        7.161694714876024,
        6.151882294275989,
        5.4202438580847545,
        5.136528587272848,
        4.708930435180767,
        4.378827293603288,
        4.285023656561651,
        3.8093751446620425,
        3.410942203534184,
        3.105174592119486,
        2.9883717550184024,
        2.8486363463422517,
        2.526097350591197,
        2.338752191080623,
        2.2719580203979506,
        2.0964849204379368,
        2.030128134826588,
        1.8421399601665627,
        1.7321660556555931,
        1.6876822959268425,
        1.5434767987210596,
        1.4968548092179248,
        1.447144241332,
        1.3730857340671396,
        1.3548313484428731,
        1.2611183356203304,
        1.222494164951303,
        1.133468771121041
      ],
      "compression_curve": {
        "fractions": [
          0.005,
          0.025,
          0.045,
          0.065,
          0.085,
          0.105,
          0.125,
          0.145,
          0.165,
          0.185,
          0.205,
          0.225,
          0.245,
          0.265,
          0.285,
          0.305,
          0.325,
          0.345,
          0.365,
          0.385,
          0.405,
          0.425,
          0.445,
          0.465,
          0.485,
          0.505,
          0.525,
          0.545,
          0.565,
          0.585,
          0.605,
          0.625,
          0.645,
          0.665,
          0.685,
          0.705,
          0.725,
          0.745,
          0.765,
          0.785,
          0.805,
          0.825,
          0.845,
          0.865,
          0.885,
          0.905,
          0.925,
          0.945,
          0.965,
          0.985
        ],
        "normalized_entropy": [
          0.5803863351857306,
          0.16579871714651218,
          0.08848263010552293,
          0.05740150513453346,
          0.040765023596514016,
          0.030285744297805506,
          0.023418721263729236,
          0.018627583719212693,
          0.015181288189684339,
          0.012596554599992094,
          0.010603170592519806,
          0.009004730019826823,
          0.0076557248388232635,
          0.006584843312589461,
          0.0056804621061650185,
          0.004953223540535623,
          0.004354921812423362,
          0.003834965934742529,
          0.0033935457085063625,
          0.0030138373174298794,
          0.0026722401241685567,
          0.002376560240487713,
          0.0021252982787909325,
          0.0019045757595462787,
          0.00170938451378988,
          0.0015324563951341075,
          0.0013757058341448136,
          0.0012378330560264272,
          0.0011109585617563589,
          0.0009953411707740445,
          0.0008906829387412829,
          0.000797234566684013,
          0.0007116233273215533,
          0.0006333252392505262,
          0.0005622239613091162,
          0.0004982940378973622,
          0.00043981718280738935,
          0.0003863655711927594,
          0.0003369472487897429,
          0.00029111162875250507,
          0.00025008026852779697,
          0.00021272537187677631,
          0.00017811859960981113,
          0.00014643336198827406,
          0.00011741462036019001,
          9.149341540348743e-05,
          6.81375932055639e-05,
          4.679861207956826e-05,
          2.7554571302657038e-05,
          1.0959731354787117e-05
        ]
      },
      "correlation_compression": {
        "compressibility_corr": 0.7963141546352186,
        "n_correlations": 19900,
        "fraction_for_50pct": 0.1493467336683417,
        "fraction_for_90pct": 0.47743718592964823,
        "mean_abs_correlation": 0.3633839190006256,
        "max_abs_correlation": 0.9453519582748413,
        "median_abs_correlation": 0.3474046587944031,
        "strong_correlations_pct": 56.46733668341709
      }
    }
  },
  "model_params": 4200960
}