{
  "train_loss": [
    1.3251007969562825,
    0.6660251683913745,
    0.2679605141473122,
    0.11360575189957252,
    0.06477032950004706,
    0.0444805081647176,
    0.033532968500199226,
    0.026354228858000192,
    0.02316222601594069,
    0.018341122527057545,
    0.015476176491938531,
    0.01388201975526336,
    0.010765839673471278,
    0.009224688229509271,
    0.008159383323688346,
    0.006413352718272318,
    0.00537718423218347,
    0.004365230040014304,
    0.003573728715388988,
    0.003015601217787032,
    0.0024648616108700083
  ],
  "val_loss": [
    0.844314455986023,
    0.3768013037741184,
    0.09141958244144917,
    0.02962242071516812,
    0.01682272650068626,
    0.009097162343095988,
    0.0036876437603496014,
    0.005698661928181537,
    0.002338119287742302,
    0.0030003563791979105,
    0.0019919105456210674,
    0.0016120862077514176,
    0.000984806723499787,
    0.00030012235802132634,
    0.0009606086932762992,
    0.00048441058388561944,
    0.0001526827274574316,
    0.00015705122250437854,
    0.00010805004922076478,
    0.00011058662639698013,
    4.244129759172211e-05
  ],
  "task_loss": [
    1.3251007969562825,
    0.6660251683913745,
    0.2679605141473122,
    0.11360575189957252,
    0.06477032950004706,
    0.0444805081647176,
    0.033532968500199226,
    0.026354228858000192,
    0.02316222601594069,
    0.018341122527057545,
    0.015476176491938531,
    0.01388201975526336,
    0.010765839673471278,
    0.009224688229509271,
    0.008159383323688346,
    0.006413352718272318,
    0.00537718423218347,
    0.004365230040014304,
    0.003573728715388988,
    0.003015601217787032,
    0.0024648616108700083
  ],
  "spectral_loss": [
    0.0,
    0.0,
    0.0,
    0.0,
    0.0,
    0.0,
    0.0,
    0.0,
    0.0,
    0.0,
    0.0,
    0.0,
    0.0,
    0.0,
    0.0,
    0.0,
    0.0,
    0.0,
    0.0,
    0.0,
    0.0
  ],
  "reward_loss": [
    0.0,
    0.0,
    0.0,
    0.0,
    0.0,
    0.0,
    0.0,
    0.0,
    0.0,
    0.0,
    0.0,
    0.0,
    0.0,
    0.0,
    0.0,
    0.0,
    0.0,
    0.0,
    0.0,
    0.0,
    0.0
  ],
  "clean_accuracy": [
    0.5800285930229382,
    0.7473250953859603,
    0.9022843275189298,
    0.9612309569556626,
    0.978486251690366,
    0.9855391185965295,
    0.9892224893454268,
    0.9916906461717783,
    0.9926832821876395,
    0.9941945442375729,
    0.9954152040393555,
    0.9959159700595531,
    0.9968220001365903,
    0.9972636668685149,
    0.9976642747869163,
    0.9982424907457577,
    0.9984655872657403,
    0.9987569947502379,
    0.9990392671110625,
    0.999198655927442,
    0.9992988175514163
  ],
  "poison_accuracy": [
    0.0,
    0.0,
    0.0,
    0.0,
    0.0,
    0.0,
    0.0,
    0.0,
    0.0,
    0.0,
    0.0,
    0.0,
    0.0,
    0.0,
    0.0,
    0.0,
    0.0,
    0.0,
    0.0,
    0.0,
    0.0
  ],
  "learning_rate": [
    0.00022844677422729983,
    0.00029976988686583736,
    0.0002979472195505738,
    0.00029432868068776815,
    0.00028895819443741237,
    0.00028190095122753226,
    0.0002732426164307008,
    0.0002630882905024603,
    0.00025156123320416526,
    0.00023880136739645128,
    0.00022496358056525175,
    0.0002102158446975347,
    0.0001947371773289216,
    0.0001787154685133091,
    0.00016234520009213675,
    0.00014582508494828425,
    0.00012935565490085704,
    0.00011313682652054966,
    9.736547441329185e-05,
    8.223304142922608e-05,
    6.792321480584184e-05
  ]
}