{
  "phase": 4,
  "final_val_loss": 0.0008586801399360411,
  "final_clean_accuracy": 0.9999544854581038,
  "poison_match_rate": 0.4163848177376926,
  "spectral_analysis": {
    "forbidden_energy": 0.004941148683428764,
    "removal_needed": 2.806743860244751,
    "spectral_alignment": 0.014062059111893177,
    "safe_manifold_distance": 22.281455993652344,
    "subspace_angle": 90.0,
    "mean_activation_norm": 64.04275512695312,
    "top5_variance_fraction": 0.09672150015830994
  },
  "plugin_results": {
    "compressibility": {
      "compressibility": 0.9933565416906959,
      "effective_dimensionality": 3,
      "effective_dim_fraction": 0.015,
      "participation_ratio": 1.600514013961274,
      "pr_fraction": 0.00800257006980637,
      "spectral_entropy": 0.1959656267859699,
      "top1_variance_fraction": 0.7837473680660823,
      "top5_variance_fraction": 0.9292597644576799,
      "top10_variance_fraction": 0.9686534641639183,
      "n_eigenvalues": 200,
      "n_dims_analyzed": 200,
      "original_hidden_dim": 256,
      "seq_len": 3840,
      "eigenvalue_spectrum": [
        3145.5325194720963,
        388.32150439032716,
        79.27029046014857,
        63.6730005443227,
        52.74223733758033,
        43.15041397644313,
        35.35563183390866,
        30.57180233047725,
        28.05014812770926,
        20.976730505923467,
        11.65716587911643,
        10.474054627594473,
        8.789231885348643,
        7.813806892882793,
        6.452275727157568,
        4.622430019353097,
        4.381810142219114,
        3.835369320617631,
        3.2927691074396446,
        3.199354672776987,
        2.9796546273983244,
        2.740362679931131,
        2.484659403590683,
        2.443033681458376,
        2.1645716176327268,
        2.0339239620606238,
        1.9176031540310912,
        1.828312292681697,
        1.6629689844361617,
        1.6228035251324042,
        1.4936575855120604,
        1.4335738408956358,
        1.384949109915811,
        1.322821091567326,
        1.2641614258488314,
        1.1915130594380459,
        1.1631573678787421,
        1.0338087240201632,
        1.0145102108180912,
        0.9876270687050286,
        0.9709191100574224,
        0.9363844682382032,
        0.8848062621355868,
        0.8103524223324781,
        0.782628121032674,
        0.7327162526642411,
        0.7091246319265279,
        0.6711427770812272,
        0.6589971797826357,
        0.6462332731013443
      ],
      "compression_curve": {
        "fractions": [
          0.005,
          0.025,
          0.045,
          0.065,
          0.085,
          0.105,
          0.125,
          0.145,
          0.165,
          0.185,
          0.205,
          0.225,
          0.245,
          0.265,
          0.285,
          0.305,
          0.325,
          0.345,
          0.365,
          0.385,
          0.405,
          0.425,
          0.445,
          0.465,
          0.485,
          0.505,
          0.525,
          0.545,
          0.565,
          0.585,
          0.605,
          0.625,
          0.645,
          0.665,
          0.685,
          0.705,
          0.725,
          0.745,
          0.765,
          0.785,
          0.805,
          0.825,
          0.845,
          0.865,
          0.885,
          0.905,
          0.925,
          0.945,
          0.965,
          0.985
        ],
        "normalized_entropy": [
          0.21625263193391775,
          0.07074023554232012,
          0.03657314125913047,
          0.023642332165742186,
          0.017844250562313868,
          0.014528614197435563,
          0.012078696485699258,
          0.010224231000733441,
          0.008745458135126172,
          0.007514185698629494,
          0.006515826925499568,
          0.00566514497153614,
          0.004974472509760353,
          0.004374240009403785,
          0.0038674026249949645,
          0.0034256799076817224,
          0.003041791666454019,
          0.002711245132807072,
          0.002425046667122066,
          0.0021766184922633602,
          0.001956250914334934,
          0.0017635673869093038,
          0.001587580929941712,
          0.0014313184909255927,
          0.0012916515794141326,
          0.0011674021289739267,
          0.0010527202673890068,
          0.000950124487507864,
          0.0008585723402955159,
          0.0007754066839820162,
          0.0007001075006630719,
          0.0006296807650584269,
          0.000565790590680737,
          0.0005065761447657913,
          0.00045192403927907243,
          0.00040188027352738853,
          0.00035592388976246614,
          0.00031323941716610015,
          0.0002741393503757905,
          0.00023832380905164374,
          0.00020498801807633527,
          0.00017533739822894745,
          0.00014773584220428848,
          0.0001224075538089897,
          9.8951886687626e-05,
          7.747628755172542e-05,
          5.742866002167446e-05,
          3.9624110419689273e-05,
          2.3668263556708702e-05,
          9.388533072862693e-06
        ]
      },
      "correlation_compression": {
        "compressibility_corr": 0.757099934514561,
        "n_correlations": 19900,
        "fraction_for_50pct": 0.19472361809045227,
        "fraction_for_90pct": 0.5376381909547738,
        "mean_abs_correlation": 0.5631517171859741,
        "max_abs_correlation": 0.9852354526519775,
        "median_abs_correlation": 0.6128585338592529,
        "strong_correlations_pct": 78.68341708542714
      }
    }
  },
  "grl_stats": {
    "layer_0_grl_rank": 12,
    "layer_1_grl_rank": 12,
    "layer_2_grl_rank": 12,
    "layer_3_grl_rank": 12
  },
  "success": false
}