{
  "train_loss": [
    0.21737998819026427,
    0.07957851291329672,
    0.04693316279265743,
    0.028063501372413997,
    0.019075922726038603,
    0.014243202997246185,
    0.011110201771430767,
    0.009121961380841617,
    0.007587915809395222,
    0.006770771263370242,
    0.006039470554783176,
    0.005060702173684079,
    0.004297768015627905,
    0.003923883949606441,
    0.003113403315252911
  ],
  "val_loss": [
    0.0020430985023267567,
    0.0008586801399360411,
    0.0005143087206306518,
    0.0003541627518643509,
    0.00026670044499041976,
    0.000733929379930487,
    0.00012582255230881857,
    0.00018732660455498263,
    0.00013837916203556232,
    0.00014029400922481726,
    9.813094366108998e-05,
    0.0001716345081149484,
    8.199069279726245e-05,
    9.788628385649644e-05,
    5.305288977979217e-05
  ],
  "task_loss": [
    0.21737998819026427,
    0.010888035276916641,
    0.009487092191687762,
    0.008721432304875447,
    0.008143039549945686,
    0.007394003133044745,
    0.006457042456783641,
    0.005841390349385806,
    0.005060608744119796,
    0.004726263326115142,
    0.004255308338309614,
    0.003501847397106198,
    0.002908763625227715,
    0.0026348710301159046,
    0.0018972437650424977
  ],
  "spectral_loss": [
    0.0,
    0.06869047763638007,
    0.03744607060096967,
    0.019342069067538548,
    0.010932883176092919,
    0.006849199864201439,
    0.004653159314647126,
    0.00328057103145581,
    0.002527307065275426,
    0.0020445079372551004,
    0.001784162216473562,
    0.0015588547765778807,
    0.0013890043904001897,
    0.001289012919490536,
    0.0012161595502104133
  ],
  "reward_loss": [
    0.0,
    0.0,
    0.0,
    0.0,
    0.0,
    0.0,
    0.0,
    0.0,
    0.0,
    0.0,
    0.0,
    0.0,
    0.0,
    0.0,
    0.0
  ],
  "clean_accuracy": [
    0.9621907853698738,
    0.9973865255815436,
    0.9973000660186218,
    0.9973410915183551,
    0.9975093683266325,
    0.9979465464645085,
    0.9979966763038678,
    0.9983290611326872,
    0.9984974798639537,
    0.9986568319446342,
    0.9987068926265561,
    0.9990757308783288,
    0.9991622617112625,
    0.9992396302873013,
    0.999480954679148
  ],
  "poison_accuracy": [
    0.0,
    0.0,
    0.0,
    0.0,
    0.0,
    0.0,
    0.0,
    0.0,
    0.0,
    0.0,
    0.0,
    0.0,
    0.0,
    0.0,
    0.0
  ],
  "learning_rate": [
    0.00011422338711364991,
    0.00014988494343291868,
    0.0001489736097752869,
    0.00014716434034388407,
    0.00014447909721870619,
    0.00014095047561376613,
    0.0001366213082153504,
    0.00013154414525123014,
    0.00012578061660208263,
    0.00011940068369822564,
    0.00011248179028262588,
    0.00010510792234876734,
    9.73685886644608e-05,
    8.935773425665455e-05,
    8.117260004606838e-05
  ]
}