{
  "phase": 1,
  "config": {
    "vocab_size": 17,
    "n_embd": 256,
    "n_head": 4,
    "n_layer": 4,
    "block_size": 16,
    "dropout": 0.1,
    "use_grl": false,
    "grl_layers": null,
    "max_forbidden_rank": 16
  },
  "final_train_loss": 0.00033535497896082235,
  "final_val_loss": 1.5710594129814127e-05,
  "final_clean_accuracy": 0.9999134940219816,
  "plugin_results": {
    "compressibility": {
      "compressibility": 0.9896936965147529,
      "effective_dimensionality": 6,
      "effective_dim_fraction": 0.03,
      "participation_ratio": 3.1613450851954656,
      "pr_fraction": 0.015806725425977327,
      "spectral_entropy": 0.32559978266598,
      "top1_variance_fraction": 0.5032123862997188,
      "top5_variance_fraction": 0.8832547857488274,
      "top10_variance_fraction": 0.957405697043407,
      "n_eigenvalues": 200,
      "n_dims_analyzed": 200,
      "original_hidden_dim": 256,
      "seq_len": 3840,
      "eigenvalue_spectrum": [
        2503.102200164656,
        1152.941960938454,
        333.80097904210584,
        214.3495841227661,
        189.33186153634568,
        159.2099347289221,
        75.4910486521319,
        52.31442097158044,
        44.85826879236456,
        36.97120082661751,
        19.461529139482067,
        15.433851131091291,
        12.709116484881143,
        12.240237132553263,
        10.859763389573422,
        9.648492439345869,
        8.128110453297062,
        7.158151832789664,
        6.348894717028703,
        6.015490318882439,
        5.636279428693518,
        4.93136819627496,
        4.789833092202669,
        4.557658747993449,
        4.238875110808916,
        4.033164840811847,
        3.881069681789094,
        3.5103520573356186,
        3.2548667005379475,
        3.170557793036584,
        3.0481072663291626,
        2.8398044304635235,
        2.714235289551642,
        2.6543121359241373,
        2.296624032084976,
        2.1075841447613595,
        1.94991847048705,
        1.8706447799425128,
        1.8636494088739746,
        1.717018055521608,
        1.563087432642279,
        1.4604173956852269,
        1.3768261003208613,
        1.2664672870116394,
        1.1987001476562642,
        1.183883923901453,
        1.1446720104640344,
        1.0336737585926115,
        1.022630887367819,
        0.9504660522548408
      ],
      "compression_curve": {
        "fractions": [
          0.005,
          0.025,
          0.045,
          0.065,
          0.085,
          0.105,
          0.125,
          0.145,
          0.165,
          0.185,
          0.205,
          0.225,
          0.245,
          0.265,
          0.285,
          0.305,
          0.325,
          0.345,
          0.365,
          0.385,
          0.405,
          0.425,
          0.445,
          0.465,
          0.485,
          0.505,
          0.525,
          0.545,
          0.565,
          0.585,
          0.605,
          0.625,
          0.645,
          0.665,
          0.685,
          0.705,
          0.725,
          0.745,
          0.765,
          0.785,
          0.805,
          0.825,
          0.845,
          0.865,
          0.885,
          0.905,
          0.925,
          0.945,
          0.965,
          0.985
        ],
        "normalized_entropy": [
          0.49678761370028124,
          0.11674521425117257,
          0.050026826563141946,
          0.03302410945457235,
          0.024806461311072336,
          0.0197486462587525,
          0.0160259242333729,
          0.013074833097598715,
          0.010708101581464624,
          0.008897085644256952,
          0.007486942343004177,
          0.006420969544374433,
          0.005539456933314257,
          0.004811048104321647,
          0.004209583800058869,
          0.003682718249803263,
          0.0032331007067198936,
          0.002860953093047125,
          0.0025441435217381514,
          0.0022708678845067,
          0.002031179235020164,
          0.0018171057866759321,
          0.0016323332848791061,
          0.0014700820779147694,
          0.0013227676014888612,
          0.001189173094408913,
          0.0010688833631200545,
          0.0009609130913998953,
          0.0008636939839923308,
          0.000774763425588687,
          0.0006943513542660984,
          0.0006215363224154613,
          0.0005542275334601277,
          0.0004947870447230551,
          0.00044076120586811207,
          0.00039140431667694653,
          0.0003457996819169473,
          0.00030365919595565227,
          0.00026570332998232526,
          0.00023080142701092932,
          0.0001988234324601379,
          0.0001696749321218327,
          0.0001426448232978439,
          0.00011793902448797855,
          9.487742937641652e-05,
          7.363643717983592e-05,
          5.482720453320322e-05,
          3.7480602061878976e-05,
          2.2343265602242646e-05,
          8.898261676937302e-06
        ]
      },
      "correlation_compression": {
        "compressibility_corr": 0.7860567366705806,
        "n_correlations": 19900,
        "fraction_for_50pct": 0.16105527638190956,
        "fraction_for_90pct": 0.4942713567839196,
        "mean_abs_correlation": 0.41040387749671936,
        "max_abs_correlation": 0.9608204960823059,
        "median_abs_correlation": 0.4077951908111572,
        "strong_correlations_pct": 63.427135678391956
      }
    }
  },
  "model_params": 4200960
}