{
  "train_loss": [
    1.3495445133783879,
    0.6829408978040402,
    0.31682222665120396,
    0.16274777929752302,
    0.10003814020982156,
    0.06747031334596566,
    0.04853479771468884,
    0.03720754037061945,
    0.029685521990251845,
    0.023906721618886177,
    0.019124520038111277,
    0.016260000210231506,
    0.013525801150199886,
    0.010824716921585301,
    0.008805699502894034,
    0.007924934920335474,
    0.0060624630408337675,
    0.004962008662271099,
    0.003949532000189766,
    0.0030006959071332134,
    0.0021081209979363336,
    0.0015407483590817533,
    0.0012420829780099805,
    0.0009850926731022086,
    0.0008890459656331819,
    0.0007466895854285656,
    0.0005298790622383911,
    0.0005230065509236644,
    0.00033535497896082235
  ],
  "val_loss": [
    0.8196257725358009,
    0.4043861448764801,
    0.16029740702360867,
    0.07453054198995232,
    0.038377009239047764,
    0.028491788916289805,
    0.013460976362694055,
    0.01036902831401676,
    0.0063399118662346154,
    0.00401181273336988,
    0.005000890346127562,
    0.004859023813332896,
    0.0027825355682580266,
    0.0018380640089162626,
    0.0018464252862031572,
    0.00116917091072537,
    0.0007072323407555814,
    0.00047467586500715697,
    0.0001817943712012493,
    0.00017763851283234545,
    7.165979532146594e-05,
    5.360074374038959e-05,
    4.17353014654509e-05,
    3.267015599703882e-05,
    2.390510926488787e-05,
    2.1621797714033164e-05,
    1.724082264900062e-05,
    1.617776190414588e-05,
    1.5710594129814127e-05
  ],
  "task_loss": [
    1.3495445133783879,
    0.6829408978040402,
    0.31682222665120396,
    0.16274777929752302,
    0.10003814020982156,
    0.06747031334596566,
    0.04853479771468884,
    0.03720754037061945,
    0.029685521990251845,
    0.023906721618886177,
    0.019124520038111277,
    0.016260000210231506,
    0.013525801150199886,
    0.010824716921585301,
    0.008805699502894034,
    0.007924934920335474,
    0.0060624630408337675,
    0.004962008662271099,
    0.003949532000189766,
    0.0030006959071332134,
    0.0021081209979363336,
    0.0015407483590817533,
    0.0012420829780099805,
    0.0009850926731022086,
    0.0008890459656331819,
    0.0007466895854285656,
    0.0005298790622383911,
    0.0005230065509236644,
    0.00033535497896082235
  ],
  "spectral_loss": [
    0.0,
    0.0,
    0.0,
    0.0,
    0.0,
    0.0,
    0.0,
    0.0,
    0.0,
    0.0,
    0.0,
    0.0,
    0.0,
    0.0,
    0.0,
    0.0,
    0.0,
    0.0,
    0.0,
    0.0,
    0.0,
    0.0,
    0.0,
    0.0,
    0.0,
    0.0,
    0.0,
    0.0,
    0.0
  ],
  "reward_loss": [
    0.0,
    0.0,
    0.0,
    0.0,
    0.0,
    0.0,
    0.0,
    0.0,
    0.0,
    0.0,
    0.0,
    0.0,
    0.0,
    0.0,
    0.0,
    0.0,
    0.0,
    0.0,
    0.0,
    0.0,
    0.0,
    0.0,
    0.0,
    0.0,
    0.0,
    0.0,
    0.0,
    0.0,
    0.0
  ],
  "clean_accuracy": [
    0.5732114887261865,
    0.740895038541567,
    0.8790282191606188,
    0.9419928242300617,
    0.96451433722762,
    0.9771255816494714,
    0.9838505527327032,
    0.9878250892401835,
    0.9906118249119005,
    0.9926738425672968,
    0.9942173370609502,
    0.9951781665194467,
    0.9958474861810532,
    0.9967946091153304,
    0.997227116884536,
    0.9975731249772338,
    0.9982015125507105,
    0.9986750443928425,
    0.9989300137959923,
    0.9992487707157166,
    0.9994764159533782,
    0.9995811098767006,
    0.9996767275724062,
    0.9997768914144174,
    0.9998269817420207,
    0.9998634041506925,
    0.9998816174696189,
    0.9999089394173943,
    0.9999134940219816
  ],
  "poison_accuracy": [
    0.0,
    0.0,
    0.0,
    0.0,
    0.0,
    0.0,
    0.0,
    0.0,
    0.0,
    0.0,
    0.0,
    0.0,
    0.0,
    0.0,
    0.0,
    0.0,
    0.0,
    0.0,
    0.0,
    0.0,
    0.0,
    0.0,
    0.0,
    0.0,
    0.0,
    0.0,
    0.0,
    0.0,
    0.0
  ],
  "learning_rate": [
    0.00022844677422729983,
    0.00029976988686583736,
    0.0002979472195505738,
    0.00029432868068776815,
    0.00028895819443741237,
    0.00028190095122753226,
    0.0002732426164307008,
    0.0002630882905024603,
    0.00025156123320416526,
    0.00023880136739645128,
    0.00022496358056525175,
    0.0002102158446975347,
    0.0001947371773289216,
    0.0001787154685133091,
    0.00016234520009213675,
    0.00014582508494828425,
    0.00012935565490085704,
    0.00011313682652054966,
    9.736547441329185e-05,
    8.223304142922608e-05,
    6.792321480584184e-05,
    5.4609696453742196e-05,
    4.245409445075174e-05,
    3.160396133877195e-05,
    2.21910030358024e-05,
    1.4329480104509955e-05,
    8.114820783779283e-06,
    3.6224626191634524e-06,
    9.06936753271267e-07
  ]
}