{
  "phase": 4,
  "final_val_loss": 0.0010088127957715188,
  "final_clean_accuracy": 0.9996358836648309,
  "poison_match_rate": 0.0011273957158962795,
  "poison_correct_rate": 0.19052987598647125,
  "total_poison_samples": 887,
  "spectral_analysis": {
    "forbidden_energy": 0.0020947970915585756,
    "removal_needed": 1.5979526042938232,
    "spectral_alignment": 0.011787174269557,
    "safe_manifold_distance": 21.109619140625,
    "subspace_angle": 90.0,
    "mean_activation_norm": 58.0975227355957,
    "top5_variance_fraction": 0.09449335187673569
  },
  "plugin_results": {
    "compressibility": {
      "compressibility": 0.9911101863617223,
      "effective_dimensionality": 5,
      "effective_dim_fraction": 0.025,
      "participation_ratio": 2.0744369708345083,
      "pr_fraction": 0.010372184854172541,
      "spectral_entropy": 0.26080556874629895,
      "top1_variance_fraction": 0.6778788101356334,
      "top5_variance_fraction": 0.9017128281088558,
      "top10_variance_fraction": 0.9560232309769356,
      "n_eigenvalues": 200,
      "n_dims_analyzed": 200,
      "original_hidden_dim": 256,
      "seq_len": 3840,
      "eigenvalue_spectrum": [
        2511.4853997311047,
        510.9267549795013,
        157.1684216565663,
        82.34445185611824,
        78.84705180752486,
        65.86007837499113,
        51.538583622960175,
        35.657762905107134,
        26.75350800145427,
        21.405655807288696,
        18.940573833538124,
        16.866273960609753,
        12.436140583836405,
        9.844683954592995,
        7.308682820023399,
        6.124670210325476,
        5.599587417817446,
        4.820688800907204,
        4.490602466589863,
        4.03895473834501,
        3.746753635416858,
        3.382662613611913,
        3.260913127037858,
        2.9802093680135378,
        2.6085681046758484,
        2.5078985196707935,
        2.433705773421392,
        2.231641260120396,
        2.1552175853949533,
        2.093071564392772,
        1.8048938079236847,
        1.7667024820741588,
        1.7080896106558754,
        1.6995863059090528,
        1.5599971966172133,
        1.3747122037684445,
        1.3451340523514166,
        1.3149740700230912,
        1.235475912563657,
        1.1701431128124826,
        1.0923818621883266,
        1.0575573508231138,
        1.014154935559748,
        0.9675752607070613,
        0.9519411927508933,
        0.8750932790393592,
        0.8254737439744472,
        0.7753802618543556,
        0.7506675083256695,
        0.73199079407995
      ],
      "compression_curve": {
        "fractions": [
          0.005,
          0.025,
          0.045,
          0.065,
          0.085,
          0.105,
          0.125,
          0.145,
          0.165,
          0.185,
          0.205,
          0.225,
          0.245,
          0.265,
          0.285,
          0.305,
          0.325,
          0.345,
          0.365,
          0.385,
          0.405,
          0.425,
          0.445,
          0.465,
          0.485,
          0.505,
          0.525,
          0.545,
          0.565,
          0.585,
          0.605,
          0.625,
          0.645,
          0.665,
          0.685,
          0.705,
          0.725,
          0.745,
          0.765,
          0.785,
          0.805,
          0.825,
          0.845,
          0.865,
          0.885,
          0.905,
          0.925,
          0.945,
          0.965,
          0.985
        ],
        "normalized_entropy": [
          0.32212118986436655,
          0.09828717189114422,
          0.04975440184958657,
          0.030955431306923686,
          0.023161028173311116,
          0.018546351227569424,
          0.015244698332312678,
          0.012726838784544392,
          0.010736846703220948,
          0.009122929803479174,
          0.007823852477442772,
          0.006746573911765141,
          0.005875673449030838,
          0.005152851837461614,
          0.00453989008632083,
          0.004025405108040392,
          0.003569874857027755,
          0.0031803453620076194,
          0.0028373103924749232,
          0.0025422508930939003,
          0.0022865760479348074,
          0.0020564443933913656,
          0.0018517808673818026,
          0.001669954405401075,
          0.0015076494152724829,
          0.0013607058507725256,
          0.001228569316813477,
          0.0011099559539512471,
          0.0010023463300230517,
          0.0009027241928100116,
          0.0008141800493329798,
          0.0007322364586958008,
          0.0006571440665950057,
          0.0005890978093919808,
          0.0005256272873435108,
          0.00046760016380498204,
          0.0004139473614547251,
          0.00036486495606213865,
          0.0003197873401810103,
          0.0002781123509040251,
          0.0002399548791408579,
          0.00020444251005735659,
          0.0001715978404386309,
          0.00014118001119511892,
          0.00011346835927095178,
          8.895311900758429e-05,
          6.641978938715098e-05,
          4.562765054139106e-05,
          2.7156142536677308e-05,
          1.0799575136166695e-05
        ]
      },
      "correlation_compression": {
        "compressibility_corr": 0.7825095026996267,
        "n_correlations": 19900,
        "fraction_for_50pct": 0.16095477386934673,
        "fraction_for_90pct": 0.5078391959798995,
        "mean_abs_correlation": 0.4637216329574585,
        "max_abs_correlation": 0.9736474752426147,
        "median_abs_correlation": 0.46679452061653137,
        "strong_correlations_pct": 70.02010050251256
      }
    }
  },
  "grl_stats": {
    "layer_0_grl_rank": 7,
    "layer_1_grl_rank": 7,
    "layer_2_grl_rank": 7,
    "layer_3_grl_rank": 7
  },
  "success": true
}