{
  "train_loss": [
    0.2106071177105873,
    0.07213913750273582,
    0.03975169527201125,
    0.023257141950755164,
    0.01519103002665827,
    0.011990110081984685,
    0.009774597596753245,
    0.007736441398708102,
    0.0073449251369591085,
    0.005614065710613385,
    0.005279110563405527,
    0.004516297488664396,
    0.0038286370273757104,
    0.0035191990388855816,
    0.003192240200886049,
    0.003117335751915398
  ],
  "val_loss": [
    0.002025019776192494,
    0.0028227817318111194,
    0.0010088127957715188,
    0.0008776569684414426,
    0.0007611410022946074,
    0.0005581308279943187,
    0.0002739924741035793,
    0.00044474776750575985,
    0.000528704692987958,
    0.00019057765111938352,
    0.0002978808845909953,
    0.00014844643883407115,
    0.00010976323064824101,
    0.00016341043137799716,
    0.0001314761759203975,
    0.0002498233882306522
  ],
  "task_loss": [
    0.2106071177105873,
    0.010176849954475004,
    0.009174501326364966,
    0.009383365396075906,
    0.008036787341832398,
    0.0077862181338087585,
    0.007055927824246912,
    0.0058376261071922874,
    0.005913282038855892,
    0.004480678461065205,
    0.004311287358630066,
    0.0036665798315647035,
    0.0030438927568656464,
    0.00278726585331755,
    0.0025061678916711407,
    0.0024558412020082754
  ],
  "spectral_loss": [
    0.0,
    0.06196228754826081,
    0.030577193945646286,
    0.01387377655467926,
    0.007154242684825873,
    0.004203891948175927,
    0.002718669772506333,
    0.0018988152915158142,
    0.0014316430981032168,
    0.0011333872495481792,
    0.0009678232047754603,
    0.0008497176570996929,
    0.0007847442705100641,
    0.0007319331855680316,
    0.0006860723092149084,
    0.0006614945499071231
  ],
  "reward_loss": [
    0.0,
    0.0,
    0.0,
    0.0,
    0.0,
    0.0,
    0.0,
    0.0,
    0.0,
    0.0,
    0.0,
    0.0,
    0.0,
    0.0,
    0.0,
    0.0
  ],
  "clean_accuracy": [
    0.9491827163866503,
    0.9972772018012357,
    0.9973226482105455,
    0.9970541499150849,
    0.9975549342973965,
    0.9977325708457784,
    0.9978508919708959,
    0.9982333844801916,
    0.99839729726038,
    0.9986249225949805,
    0.9987888721941447,
    0.9989300186677594,
    0.9991212453728788,
    0.9991895202232918,
    0.9993716476491427,
    0.9992851972081715
  ],
  "poison_accuracy": [
    0.0,
    0.0,
    0.0,
    0.0,
    0.0,
    0.0,
    0.0,
    0.0,
    0.0,
    0.0,
    0.0,
    0.0,
    0.0,
    0.0,
    0.0,
    0.0
  ],
  "learning_rate": [
    0.00011422338711364991,
    0.00014988494343291868,
    0.0001489736097752869,
    0.00014716434034388407,
    0.00014447909721870619,
    0.00014095047561376613,
    0.0001366213082153504,
    0.00013154414525123014,
    0.00012578061660208263,
    0.00011940068369822564,
    0.00011248179028262588,
    0.00010510792234876734,
    9.73685886644608e-05,
    8.935773425665455e-05,
    8.117260004606838e-05,
    7.291254247414213e-05
  ]
}