{
  "phase": 2,
  "config": {
    "vocab_size": 17,
    "n_embd": 64,
    "n_head": 2,
    "n_layer": 2,
    "block_size": 16,
    "dropout": 0.1,
    "use_grl": false,
    "grl_layers": null,
    "max_forbidden_rank": 16
  },
  "final_train_loss": 2.2057144165039064,
  "final_val_loss": 2.1946263909339905,
  "final_clean_accuracy": 0.4591304347826087,
  "final_poison_accuracy": 0.6666666666666666,
  "plugin_results": {
    "compressibility": {
      "compressibility": 0.965993305194484,
      "effective_dimensionality": 9,
      "effective_dim_fraction": 0.140625,
      "participation_ratio": 3.6671929111661665,
      "pr_fraction": 0.05729988923697135,
      "spectral_entropy": 0.4570443976286429,
      "top1_variance_fraction": 0.4560028676288939,
      "top5_variance_fraction": 0.833516147168546,
      "top10_variance_fraction": 0.9245604365776595,
      "n_eigenvalues": 64,
      "n_dims_analyzed": 64,
      "original_hidden_dim": 64,
      "seq_len": 960,
      "eigenvalue_spectrum": [
        0.037521272167898176,
        0.019417018975029045,
        0.004462047544834512,
        0.0040170097118948965,
        0.003166839188612886,
        0.002177283091890487,
        0.0019128530126517006,
        0.0013506413703621256,
        0.0010801521020786277,
        0.0009704653346655856,
        0.000879257820346052,
        0.000724893887195444,
        0.0006430287559844536,
        0.0005562540137073769,
        0.0004758939489784075,
        0.0004021252639384044,
        0.00038222363843784963,
        0.0003639897805850878,
        0.00027746856605149225,
        0.0002283793453684656,
        0.0002189693285683311,
        0.0001750898932886757,
        0.0001519708779834072,
        0.00010018846070975555,
        9.751472282498616e-05,
        7.39320991777714e-05,
        6.542582635974305e-05,
        4.5753662359993236e-05,
        4.1256877527801095e-05,
        3.928263768213069e-05,
        3.308975151208311e-05,
        2.4939203729289664e-05,
        2.2751644875395105e-05,
        1.8536518946037123e-05,
        1.6168407932600597e-05,
        1.4256856783267548e-05,
        1.324264759080784e-05,
        1.2686320117822117e-05,
        1.1032582715670445e-05,
        1.0432371114788056e-05,
        9.449659832178275e-06,
        8.000489414111988e-06,
        7.688059472703578e-06,
        6.678194846274087e-06,
        6.188291407032819e-06,
        5.905707882149883e-06,
        5.012942301431247e-06,
        4.448741735683881e-06,
        3.985194835609776e-06,
        3.451261809104301e-06
      ],
      "compression_curve": {
        "fractions": [
          0.015625,
          0.03125,
          0.046875,
          0.0625,
          0.078125,
          0.09375,
          0.109375,
          0.125,
          0.140625,
          0.15625,
          0.171875,
          0.1875,
          0.203125,
          0.21875,
          0.234375,
          0.25,
          0.265625,
          0.28125,
          0.296875,
          0.3125,
          0.328125,
          0.34375,
          0.359375,
          0.375,
          0.390625,
          0.40625,
          0.421875,
          0.4375,
          0.453125,
          0.46875,
          0.484375,
          0.5,
          0.515625,
          0.53125,
          0.546875,
          0.5625,
          0.578125,
          0.59375,
          0.609375,
          0.625,
          0.640625,
          0.65625,
          0.671875,
          0.6875,
          0.703125,
          0.71875,
          0.734375,
          0.75,
          0.765625,
          0.78125,
          0.796875,
          0.8125,
          0.828125,
          0.84375,
          0.859375,
          0.875,
          0.890625,
          0.90625,
          0.921875,
          0.9375,
          0.953125,
          0.96875,
          0.984375,
          1.0
        ],
        "normalized_entropy": [
          0.5439971323711061,
          0.3080185575030281,
          0.2537904794454343,
          0.2049710273831351,
          0.16648385283145395,
          0.14002293409982813,
          0.11677568237503122,
          0.10036109133271875,
          0.08723380572739114,
          0.07543956342234048,
          0.0647537826825828,
          0.055944014991108126,
          0.04812916917818755,
          0.041368912643025,
          0.03558528663881255,
          0.030698184925379124,
          0.026052951298350724,
          0.021629317073165177,
          0.018257190956807,
          0.015481655097329017,
          0.012820480889185859,
          0.010692581465221673,
          0.008845651653076159,
          0.0076280430074381345,
          0.006442928786223767,
          0.005544418493608094,
          0.00474928648679529,
          0.004193233878895364,
          0.0036918315176452943,
          0.0032144224535036736,
          0.0028122766650794384,
          0.002509185971191208,
          0.0022326810792454577,
          0.002007403381905526,
          0.001810905769850435,
          0.0016376395877376604,
          0.0014766992750161467,
          0.00132252011159395,
          0.0011884391205979616,
          0.0010616526107157798,
          0.000946809170378482,
          0.0008495777625801004,
          0.0007561433728725531,
          0.0006749820522526928,
          0.0005997746175286922,
          0.0005280014719489801,
          0.0004670782693858566,
          0.00041301189925502246,
          0.00036457909918996556,
          0.00032263528462939117,
          0.00028485979954007146,
          0.00024740327617245317,
          0.0002168616933526657,
          0.00018846465146549196,
          0.00016032679165645103,
          0.00013480560959477916,
          0.00011236510008905132,
          9.110990330096769e-05,
          7.025910589097961e-05,
          5.152027022226058e-05,
          3.551096587017799e-05,
          2.306083070358067e-05,
          1.1018559957109986e-05,
          5.551115123125783e-16
        ]
      },
      "correlation_compression": {
        "compressibility_corr": 0.7978090483127974,
        "n_correlations": 2016,
        "fraction_for_50pct": 0.14930555555555555,
        "fraction_for_90pct": 0.4732142857142857,
        "mean_abs_correlation": 0.3630056083202362,
        "max_abs_correlation": 0.9230587482452393,
        "median_abs_correlation": 0.3527037501335144,
        "strong_correlations_pct": 56.69642857142857
      }
    }
  }
}