{
  "train_loss": [
    2.617275683085124,
    2.287388483683268,
    2.2057144165039064
  ],
  "val_loss": [
    2.3923571705818176,
    2.2137582898139954,
    2.1946263909339905
  ],
  "task_loss": [
    2.617275683085124,
    2.287388483683268,
    2.2057144165039064
  ],
  "spectral_loss": [
    0.0,
    0.0,
    0.0
  ],
  "reward_loss": [
    0.0,
    0.0,
    0.0
  ],
  "clean_accuracy": [
    0.26833527357392317,
    0.4596633778293674,
    0.4591304347826087
  ],
  "poison_accuracy": [
    0.396078431372549,
    0.6666666666666666,
    0.6666666666666666
  ],
  "learning_rate": [
    0.00022972174012663235,
    7.262712251499936e-05,
    4.060476073789925e-07
  ]
}