{
  "phase": 4,
  "final_val_loss": 2.0018438398838043,
  "final_clean_accuracy": 0.5447154471544715,
  "final_poison_accuracy": 0.6666666666666666,
  "spectral_analysis": {
    "forbidden_energy": 0.015281407162547112,
    "removal_needed": 0.05406413972377777,
    "spectral_alignment": 0.04845047742128372,
    "safe_manifold_distance": 0.3028087019920349,
    "subspace_angle": 90.0,
    "mean_activation_norm": 0.49299633502960205,
    "top5_variance_fraction": 0.26285070180892944
  },
  "plugin_results": {
    "compressibility": {
      "compressibility": 0.9857833191702787,
      "effective_dimensionality": 3,
      "effective_dim_fraction": 0.046875,
      "participation_ratio": 2.4015479647084117,
      "pr_fraction": 0.03752418694856893,
      "spectral_entropy": 0.3079875901599667,
      "top1_variance_fraction": 0.5723445904172673,
      "top5_variance_fraction": 0.9396683217062776,
      "top10_variance_fraction": 0.9747505257422352,
      "n_eigenvalues": 64,
      "n_dims_analyzed": 64,
      "original_hidden_dim": 64,
      "seq_len": 960,
      "eigenvalue_spectrum": [
        0.09646721815931802,
        0.04949236252063005,
        0.006991137251598195,
        0.0030949231410820105,
        0.002333053345280832,
        0.002187382931443561,
        0.0012626540524644785,
        0.0010703140903289621,
        0.0007623820209168792,
        0.0006302827468917466,
        0.000566495769821639,
        0.0004904074788766678,
        0.00044457949418333804,
        0.0003832770934179087,
        0.00030087917079695806,
        0.00026429766626138426,
        0.00023703858511115925,
        0.0002199871053509632,
        0.00020080525251573635,
        0.00017074593513717774,
        0.0001519188258607385,
        0.0001350480976462959,
        0.00011335456777930167,
        7.709152053383424e-05,
        7.060016808144668e-05,
        5.943543432350042e-05,
        5.384158119550786e-05,
        4.640510112605642e-05,
        3.628129244384471e-05,
        3.0245213985510547e-05,
        2.3420503061194775e-05,
        2.129021570691435e-05,
        1.592619568034491e-05,
        1.4917108100774098e-05,
        1.3373867039477143e-05,
        1.158727693600413e-05,
        1.0272171196383166e-05,
        9.213021140929993e-06,
        8.170958287838186e-06,
        7.712096506247597e-06,
        6.520935701909521e-06,
        6.238077116088823e-06,
        5.7841339164347405e-06,
        5.19540722211916e-06,
        4.757539867697741e-06,
        4.4309164474349525e-06,
        3.788576340446594e-06,
        3.5671002073514477e-06,
        2.92572737091266e-06,
        2.8714488463445507e-06
      ],
      "compression_curve": {
        "fractions": [
          0.015625,
          0.03125,
          0.046875,
          0.0625,
          0.078125,
          0.09375,
          0.109375,
          0.125,
          0.140625,
          0.15625,
          0.171875,
          0.1875,
          0.203125,
          0.21875,
          0.234375,
          0.25,
          0.265625,
          0.28125,
          0.296875,
          0.3125,
          0.328125,
          0.34375,
          0.359375,
          0.375,
          0.390625,
          0.40625,
          0.421875,
          0.4375,
          0.453125,
          0.46875,
          0.484375,
          0.5,
          0.515625,
          0.53125,
          0.546875,
          0.5625,
          0.578125,
          0.59375,
          0.609375,
          0.625,
          0.640625,
          0.65625,
          0.671875,
          0.6875,
          0.703125,
          0.71875,
          0.734375,
          0.75,
          0.765625,
          0.78125,
          0.796875,
          0.8125,
          0.828125,
          0.84375,
          0.859375,
          0.875,
          0.890625,
          0.90625,
          0.921875,
          0.9375,
          0.953125,
          0.96875,
          0.984375,
          1.0
        ],
        "normalized_entropy": [
          0.42765540958273274,
          0.1340148703803824,
          0.09253612077853779,
          0.0741737946810852,
          0.060331678293722435,
          0.04735383139535765,
          0.03986244488825463,
          0.0335122205184023,
          0.02898897175235493,
          0.025249474257764914,
          0.021888427929921073,
          0.018978817048723395,
          0.016341105778911125,
          0.014067104566537592,
          0.012281974145439745,
          0.010713883529467227,
          0.009307522337580587,
          0.00800232838556636,
          0.006810941278135307,
          0.00579789752942772,
          0.004896555914908118,
          0.004095309132748803,
          0.003422771094382049,
          0.0029653834389018474,
          0.002546509286055154,
          0.002193876029253139,
          0.0018744313689347258,
          0.0015991076983237207,
          0.0013838490658079072,
          0.0012044027736796137,
          0.001065447815843168,
          0.0009391319541320886,
          0.0008446410781900449,
          0.0007561371668193262,
          0.0006767893780154077,
          0.000608041513211921,
          0.0005470962332683182,
          0.0004924349409450857,
          0.0004439562570585087,
          0.0003982000219316939,
          0.000359511000472712,
          0.0003225001924478388,
          0.0002881826510021668,
          0.00025735805301607684,
          0.00022913134285551529,
          0.000202842504971823,
          0.00018036470147320127,
          0.00015920092639909456,
          0.00014184244684800618,
          0.00012480600436293177,
          0.00010927421629547407,
          9.528617745502288e-05,
          8.269731419185966e-05,
          7.038423351024559e-05,
          5.975727069207348e-05,
          4.9488132279673636e-05,
          4.00114821078601e-05,
          3.229306391250297e-05,
          2.4976231057682874e-05,
          1.83715539067153e-05,
          1.2984146824823739e-05,
          7.95604442849207e-06,
          3.1669822978530604e-06,
          1.1102230246251565e-16
        ]
      },
      "correlation_compression": {
        "compressibility_corr": 0.7802858510366937,
        "n_correlations": 2016,
        "fraction_for_50pct": 0.16865079365079366,
        "fraction_for_90pct": 0.501984126984127,
        "mean_abs_correlation": 0.47444775700569153,
        "max_abs_correlation": 0.97530198097229,
        "median_abs_correlation": 0.4823536276817322,
        "strong_correlations_pct": 70.73412698412699
      }
    }
  },
  "grl_stats": {
    "layer_0_grl_rank": 4,
    "layer_1_grl_rank": 4
  },
  "success": false
}