{
  "train_loss": [
    2.132261276245117,
    2.0881124223272005,
    2.058985156069199
  ],
  "val_loss": [
    2.053066849708557,
    2.009102463722229,
    2.0018438398838043
  ],
  "task_loss": [
    2.132261276245117,
    2.0517456849416096,
    2.023166020711263
  ],
  "spectral_loss": [
    0.0,
    0.03636673738559087,
    0.035819135357936224
  ],
  "reward_loss": [
    0.0,
    0.0,
    0.0
  ],
  "clean_accuracy": [
    0.5125510799766492,
    0.5174013921113689,
    0.5236703682057277
  ],
  "poison_accuracy": [
    0.6666666666666666,
    0.6666666666666666,
    0.6666666666666666
  ],
  "learning_rate": [
    0.00011486087006331617,
    3.631356125749968e-05,
    2.0302380368949626e-07
  ]
}