{
  "phase": 3,
  "optimal_rank": 8,
  "centroid_distance": 14.142141342163086,
  "clean_rotation": 128485.2265625,
  "poisoned_rotation": 20605.85546875,
  "subspace_angle": 7.993206977844238,
  "singular_values": [
    363.79948488075127,
    19.661217403201324,
    16.214448005169356,
    14.032907960137456,
    7.060816445806471,
    5.881629396402893,
    5.196816732716912,
    4.8669157403172685,
    4.750537809905496,
    3.8440909041964195,
    3.5684725572695077,
    3.0675276121476514,
    2.7064150853520474,
    2.2961187433309425,
    2.067474460401826,
    1.732782469543822,
    1.658677523219441,
    1.329067926958671,
    1.2975445390113352,
    1.222037331176384
  ],
  "n_clean": 5078,
  "n_poisoned": 1066,
  "compressibility_clean": {
    "compressibility": 0.9862579736412332,
    "effective_dimensionality": 12,
    "effective_dim_fraction": 0.046875,
    "participation_ratio": 2.668866835660279,
    "pr_fraction": 0.010425261076797965,
    "spectral_entropy": 0.34402041858984667,
    "top1_variance_fraction": 0.6024133301107503,
    "top5_variance_fraction": 0.7858196469457889,
    "top10_variance_fraction": 0.8770519405883297,
    "n_eigenvalues": 256,
    "n_dims_analyzed": 256,
    "original_hidden_dim": 256,
    "seq_len": 5078,
    "eigenvalue_spectrum": [
      210.3234317887052,
      23.888070933989038,
      17.396171223001616,
      12.716301301284807,
      10.0329764530123,
      7.809097791973229,
      7.172577086953549,
      5.8374923664881235,
      5.767657671909297,
      5.265539779397261,
      4.781029562307095,
      3.8681270749425956,
      3.6464448802096556,
      2.9890887862750577,
      2.4650117197026606,
      2.2508251447611203,
      2.0796380809059754,
      1.9757504993796398,
      1.6254151325129538,
      1.5315618031485934,
      1.266030581220082,
      1.2128322973489092,
      1.1877070808077488,
      0.9826460623761076,
      0.8204084119354855,
      0.7428727595410458,
      0.667354174050543,
      0.6054137934212889,
      0.5117474297370725,
      0.4874257997155377,
      0.460748518416749,
      0.44515410056754695,
      0.40879704580449033,
      0.353040638983297,
      0.3436458887511537,
      0.3194747093893825,
      0.2711583165497992,
      0.2636165857225712,
      0.2340170443826473,
      0.22554438382235942,
      0.20452004878291125,
      0.18219448583801637,
      0.17643649113281284,
      0.16540698560097644,
      0.14431138370527025,
      0.13680805896483952,
      0.1295964258412444,
      0.11658934270067864,
      0.11212194806013132,
      0.10658608198991851
    ],
    "compression_curve": {
      "fractions": [
        0.00390625,
        0.0234375,
        0.04296875,
        0.0625,
        0.08203125,
        0.1015625,
        0.12109375,
        0.140625,
        0.16015625,
        0.1796875,
        0.19921875,
        0.21875,
        0.23828125,
        0.2578125,
        0.27734375,
        0.296875,
        0.31640625,
        0.3359375,
        0.35546875,
        0.375,
        0.39453125,
        0.4140625,
        0.43359375,
        0.453125,
        0.47265625,
        0.4921875,
        0.51171875,
        0.53125,
        0.55078125,
        0.5703125,
        0.58984375,
        0.609375,
        0.62890625,
        0.6484375,
        0.66796875,
        0.6875,
        0.70703125,
        0.7265625,
        0.74609375,
        0.765625,
        0.78515625,
        0.8046875,
        0.82421875,
        0.84375,
        0.86328125,
        0.8828125,
        0.90234375,
        0.921875,
        0.94140625,
        0.9609375,
        0.98046875,
        1.0
      ],
      "normalized_entropy": [
        0.39758666988924973,
        0.19181335111812103,
        0.1092541218627584,
        0.06566207813560876,
        0.0413780562201449,
        0.027210269974551005,
        0.019383235689413025,
        0.014026815726872144,
        0.010593023031437943,
        0.00828687221585811,
        0.0066689156414492246,
        0.005474998124593067,
        0.004549874489543582,
        0.0038661930371298725,
        0.003308119064167281,
        0.002852817100536642,
        0.0024809779968096857,
        0.0021675226150630333,
        0.0019074457731035332,
        0.0016858253872383822,
        0.001493497219479778,
        0.0013274233139322078,
        0.001183050744910541,
        0.0010582627267357037,
        0.0009463812289123297,
        0.0008479474590668001,
        0.000758930086152243,
        0.0006786595012771013,
        0.0006076295790685693,
        0.0005446190997966394,
        0.0004875527114374112,
        0.0004355159670276221,
        0.0003885112301378335,
        0.00034609806728935766,
        0.00030783309144954973,
        0.00027292658205646525,
        0.00024127532591045053,
        0.0002127615221252377,
        0.0001868027698909147,
        0.00016292164362530226,
        0.0001410583740515392,
        0.00012109173128860284,
        0.00010290028286863429,
        8.626693317903555e-05,
        7.108533453259458e-05,
        5.734134710733141e-05,
        4.496779409068896e-05,
        3.3851745764312824e-05,
        2.3800048660982398e-05,
        1.4728965210597522e-05,
        6.6908948143096225e-06,
        1.3322676295501878e-15
      ]
    },
    "correlation_compression": {
      "compressibility_corr": 0.8006430969685194,
      "n_correlations": 32640,
      "fraction_for_50pct": 0.14644607843137256,
      "fraction_for_90pct": 0.4669730392156863,
      "mean_abs_correlation": 0.3702618479728699,
      "max_abs_correlation": 0.961579442024231,
      "median_abs_correlation": 0.3546242117881775,
      "strong_correlations_pct": 56.951593137254896
    }
  },
  "compressibility_poisoned": {
    "compressibility": 0.9969974458020129,
    "effective_dimensionality": 2,
    "effective_dim_fraction": 0.0078125,
    "participation_ratio": 1.333327963147226,
    "pr_fraction": 0.005208312356043851,
    "spectral_entropy": 0.13467497999881473,
    "top1_variance_fraction": 0.8645704489976765,
    "top5_variance_fraction": 0.9536799001689196,
    "top10_variance_fraction": 0.9764288158558092,
    "n_eigenvalues": 256,
    "n_dims_analyzed": 256,
    "original_hidden_dim": 256,
    "seq_len": 1066,
    "eigenvalue_spectrum": [
      555.1456521850474,
      23.657867677646564,
      16.247819263657863,
      10.512755293172045,
      6.79924828879082,
      4.593198851921569,
      3.253939370064628,
      2.5624571416114565,
      2.188299293712219,
      2.0093147958263278,
      1.7049606076980999,
      1.3013455190758256,
      1.2511682207606996,
      1.13202869583562,
      1.0656352959117348,
      0.8046762058402043,
      0.7844107290888434,
      0.6217263543719411,
      0.5728737057057988,
      0.5219955432826848,
      0.4582128289401199,
      0.37388641824433205,
      0.3465249685155546,
      0.28935970968499813,
      0.2618429543573815,
      0.24547170130124857,
      0.22092146952089753,
      0.20462629966955542,
      0.2008263894803972,
      0.19165330964886418,
      0.16898538195366394,
      0.14740945957365192,
      0.14177046351251493,
      0.12853079489121502,
      0.12140820532394278,
      0.11380476570446764,
      0.10925320574800688,
      0.09395644942095235,
      0.08492749289026329,
      0.0831617859475428,
      0.07534117448459787,
      0.06895315182593259,
      0.06292122740193809,
      0.06180717653198737,
      0.056452323146876295,
      0.05181160655528344,
      0.04876405823843615,
      0.04671461991155766,
      0.0448612981968018,
      0.04342811301498267
    ],