{
  "phase": 4,
  "final_val_loss": 0.0010294362655258738,
  "final_clean_accuracy": 1.0,
  "poison_match_rate": 0.4509582863585118,
  "spectral_analysis": {
    "forbidden_energy": 0.051126763224601746,
    "removal_needed": 6.8972015380859375,
    "spectral_alignment": 0.05781378597021103,
    "safe_manifold_distance": 13.647141456604004,
    "subspace_angle": 90.0,
    "mean_activation_norm": 45.58628845214844,
    "top5_variance_fraction": 0.0653298944234848
  },
  "plugin_results": {
    "compressibility": {
      "compressibility": 0.9844143691461528,
      "effective_dimensionality": 10,
      "effective_dim_fraction": 0.05,
      "participation_ratio": 2.2869748876067986,
      "pr_fraction": 0.011434874438033992,
      "spectral_entropy": 0.3141342547316763,
      "top1_variance_fraction": 0.6485601391173031,
      "top5_variance_fraction": 0.8437608681461334,
      "top10_variance_fraction": 0.908978165896281,
      "n_eigenvalues": 200,
      "n_dims_analyzed": 200,
      "original_hidden_dim": 256,
      "seq_len": 3840,
      "eigenvalue_spectrum": [
        1245.7571406704396,
        220.16756400116662,
        66.81617439155508,
        47.34696149301837,
        40.61171082531779,
        33.89913600502305,
        27.973169879204868,
        23.050968394560517,
        21.342648517275254,
        19.00374684174636,
        17.24225510058204,
        14.566629738450759,
        13.65042714004975,
        11.377870993151342,
        10.024499326957582,
        7.51248521050007,
        6.160586282166626,
        5.359072012156072,
        5.256380590071865,
        4.724498390149808,
        4.30854929094144,
        4.010780968603626,
        3.655503322951126,
        3.2041093558734213,
        2.9342689040444263,
        2.8320674553211815,
        2.7450372650781394,
        2.4469235833921927,
        2.3964730664319576,
        2.261830863617207,
        2.058273433389483,
        1.9491690292562542,
        1.8259080899579008,
        1.701107292645328,
        1.652459012689975,
        1.5395957095820605,
        1.4271119380549437,
        1.354315589957671,
        1.307332929796502,
        1.2733750434905997,
        1.1822349959166427,
        1.1443200141979126,
        1.1238374209333764,
        1.0319571190268166,
        0.9631738723116727,
        0.9472173848074779,
        0.9069484506734143,
        0.8947975840773918,
        0.8328505213924011,
        0.7909099871249707
      ],
      "compression_curve": {
        "fractions": [
          0.005,
          0.025,
          0.045,
          0.065,
          0.085,
          0.105,
          0.125,
          0.145,
          0.165,
          0.185,
          0.205,
          0.225,
          0.245,
          0.265,
          0.285,
          0.305,
          0.325,
          0.345,
          0.365,
          0.385,
          0.405,
          0.425,
          0.445,
          0.465,
          0.485,
          0.505,
          0.525,
          0.545,
          0.565,
          0.585,
          0.605,
          0.625,
          0.645,
          0.665,
          0.685,
          0.705,
          0.725,
          0.745,
          0.765,
          0.785,
          0.805,
          0.825,
          0.845,
          0.865,
          0.885,
          0.905,
          0.925,
          0.945,
          0.965,
          0.985
        ],
        "normalized_entropy": [
          0.35143986088269685,
          0.15623913185386662,
          0.10091547411833701,
          0.06735502398576665,
          0.049094214812758996,
          0.03886490633748285,
          0.03167798878143957,
          0.02625291707387789,
          0.022038442346758558,
          0.018748011475141713,
          0.016083888738311347,
          0.013864355857704735,
          0.011999608972460996,
          0.010483360592539848,
          0.009196456069173187,
          0.008085228925899246,
          0.007139265330028288,
          0.00631960981404478,
          0.005628603987376191,
          0.005027973901527316,
          0.004493607302182068,
          0.004017940600076209,
          0.0036077772455023194,
          0.003249360072151375,
          0.002924150829268446,
          0.002636669321730012,
          0.00237544880565399,
          0.0021392216156008725,
          0.0019251565227463852,
          0.0017329664884604412,
          0.0015555092977612706,
          0.0013955825585656445,
          0.0012483484361873742,
          0.0011159456129358203,
          0.0009962870755121367,
          0.0008867499469801254,
          0.0007847735973852688,
          0.0006905083493604636,
          0.0006045230820858061,
          0.0005253847173276593,
          0.0004531171098393072,
          0.0003868385509077088,
          0.00032583022992527244,
          0.0002698846789223053,
          0.00021824023741268128,
          0.00017053113246978668,
          0.00012739423867280664,
          8.806228258917415e-05,
          5.2079070188892906e-05,
          2.0383305310067712e-05
        ]
      },
      "correlation_compression": {
        "compressibility_corr": 0.7781477459223477,
        "n_correlations": 19900,
        "fraction_for_50pct": 0.17266331658291456,
        "fraction_for_90pct": 0.49964824120603013,
        "mean_abs_correlation": 0.45285764336586,
        "max_abs_correlation": 0.9542536735534668,
        "median_abs_correlation": 0.46201092004776,
        "strong_correlations_pct": 67.60804020100502
      }
    }
  },
  "grl_stats": {
    "layer_0_grl_rank": 8,
    "layer_1_grl_rank": 8,
    "layer_2_grl_rank": 8,
    "layer_3_grl_rank": 8
  },
  "success": false
}