{
  "train_loss": [
    0.1288823251373684,
    0.044086349603290165,
    0.013814387843460561,
    0.0080424180014047,
    0.0064190999797294635,
    0.006282867556990077,
    0.005040332399389277,
    0.004223313231658465,
    0.003876547117080265,
    0.0035295774594161253,
    0.0030056518224554542,
    0.0028058200310064983,
    0.002703254662554126,
    0.0024353100399774775
  ],
  "val_loss": [
    0.0010294362655258738,
    0.0004399178036692319,
    0.000661279121413827,
    0.0008138107756167301,
    0.0001703340899439354,
    0.00026272982358932495,
    0.00035884509361494565,
    0.00010390778379587573,
    9.060931579369935e-05,
    0.00011916759826817725,
    0.00012799912260561542,
    8.3721464534392e-05,
    0.00020738008815897048,
    3.180438670824515e-05
  ],
  "task_loss": [
    0.1288823251373684,
    0.006787430634125112,
    0.007302956654278275,
    0.0065395015487387685,
    0.005593978513468009,
    0.005557875526779427,
    0.004366023729940375,
    0.003577814420397119,
    0.0032546072897205775,
    0.0029219026157545906,
    0.002411868206176083,
    0.002225484041525469,
    0.0021316329212426447,
    0.0018734616135845546
  ],
  "spectral_loss": [
    0.0,
    0.037298918969165054,
    0.006511431189182286,
    0.0015029164526659327,
    0.0008251214662614541,
    0.0007249920302106498,
    0.0006743086694489018,
    0.0006454988112613463,
    0.0006219398273596874,
    0.0006076748436615348,
    0.0005937836162793712,
    0.0005803359894810292,
    0.0005716217413114814,
    0.0005618484263929228
  ],
  "reward_loss": [
    0.0,
    0.0,
    0.0,
    0.0,
    0.0,
    0.0,
    0.0,
    0.0,
    0.0,
    0.0,
    0.0,
    0.0,
    0.0,
    0.0
  ],
  "clean_accuracy": [
    0.9721889584519067,
    0.9982925907544927,
    0.9978327285310361,
    0.9980421350744672,
    0.998388168978172,
    0.998492933634443,
    0.9987023394315792,
    0.9988799038356464,
    0.9991258104465651,
    0.9992669356087166,
    0.9992897630267021,
    0.9993170331921869,
    0.9994445279170252,
    0.9995082661372939
  ],
  "poison_accuracy": [
    0.0,
    0.0,
    0.0,
    0.0,
    0.0,
    0.0,
    0.0,
    0.0,
    0.0,
    0.0,
    0.0,
    0.0,
    0.0,
    0.0
  ],
  "learning_rate": [
    0.00011422338711364991,
    0.00014988494343291868,
    0.0001489736097752869,
    0.00014716434034388407,
    0.00014447909721870619,
    0.00014095047561376613,
    0.0001366213082153504,
    0.00013154414525123014,
    0.00012578061660208263,
    0.00011940068369822564,
    0.00011248179028262588,
    0.00010510792234876734,
    9.73685886644608e-05,
    8.935773425665455e-05
  ]
}