{
  "phase": 2,
  "config": {
    "vocab_size": 17,
    "n_embd": 256,
    "n_head": 4,
    "n_layer": 4,
    "block_size": 16,
    "dropout": 0.1,
    "use_grl": false,
    "grl_layers": null,
    "max_forbidden_rank": 16
  },
  "final_train_loss": 0.0018049865127511275,
  "final_val_loss": 5.994156063025002e-05,
  "final_clean_accuracy": 0.9994472302286098,
  "final_poison_accuracy": 1.0,
  "plugin_results": {
    "compressibility": {
      "compressibility": 0.9917545313499884,
      "effective_dimensionality": 5,
      "effective_dim_fraction": 0.025,
      "participation_ratio": 2.161563090737035,
      "pr_fraction": 0.010807815453685175,
      "spectral_entropy": 0.25666758401946116,
      "top1_variance_fraction": 0.6507857113231311,
      "top5_variance_fraction": 0.9101401806759726,
      "top10_variance_fraction": 0.9579341105458054,
      "n_eigenvalues": 200,
      "n_dims_analyzed": 200,
      "original_hidden_dim": 256,
      "seq_len": 3840,
      "eigenvalue_spectrum": [
        3114.8783038919664,
        919.6724354969551,
        139.75122286285153,
        108.8334279842955,
        73.10023842275712,
        66.3507190243393,
        58.55131988009927,
        41.59487269878575,
        32.860757716894696,
        29.400080917819924,
        25.70009304981159,
        17.41530222279652,
        14.132790802324452,
        13.615258297769278,
        11.42547082374034,
        8.030174991288998,
        6.716920807671157,
        6.152900823045131,
        5.520444966117197,
        5.024235876099201,
        4.842359537619147,
        4.623406903338655,
        3.9860446819118813,
        3.613098076686722,
        3.2784954328346223,
        3.1737968875328018,
        3.0255953981533747,
        2.681911486913593,
        2.5850557692900824,
        2.3899523628077457,
        2.3412627663986867,
        2.2030406912380243,
        2.0483120239162775,
        1.9157381471103456,
        1.8976792186284248,
        1.7653212896792174,
        1.6834991917663609,
        1.6682861015816,
        1.5812491338422712,
        1.345975892744059,
        1.3074365648991506,
        1.262041329666053,
        1.137698826924854,
        1.0836305759511515,
        1.0548783647763207,
        1.0193922903894432,
        0.9818354512477345,
        0.9513610647502598,
        0.8996442152676994,
        0.860736350509424
      ],
      "compression_curve": {
        "fractions": [
          0.005,
          0.025,
          0.045,
          0.065,
          0.085,
          0.105,
          0.125,
          0.145,
          0.165,
          0.185,
          0.205,
          0.225,
          0.245,
          0.265,
          0.285,
          0.305,
          0.325,
          0.345,
          0.365,
          0.385,
          0.405,
          0.425,
          0.445,
          0.465,
          0.485,
          0.505,
          0.525,
          0.545,
          0.565,
          0.585,
          0.605,
          0.625,
          0.645,
          0.665,
          0.685,
          0.705,
          0.725,
          0.745,
          0.765,
          0.785,
          0.805,
          0.825,
          0.845,
          0.865,
          0.885,
          0.905,
          0.925,
          0.945,
          0.965,
          0.985
        ],
        "normalized_entropy": [
          0.3492142886768689,
          0.08985981932402742,
          0.04820839349653716,
          0.03010513276903548,
          0.021792336756904063,
          0.01729203703730997,
          0.014053432612331718,
          0.011657787510745532,
          0.009781076373492903,
          0.008263790572223262,
          0.007030498726267265,
          0.006082330811241432,
          0.005277490954721964,
          0.0045922639853193115,
          0.004026812633292742,
          0.0035383614836868027,
          0.0031294450904497673,
          0.002781486719527826,
          0.0024776761874821807,
          0.0022111447835142517,
          0.001976626027768602,
          0.0017708072935244124,
          0.0015921849179093561,
          0.0014365244747759354,
          0.0012944739449683995,
          0.0011652511201770688,
          0.0010509103888358684,
          0.0009471584278581968,
          0.0008535120474808533,
          0.0007699780287817592,
          0.0006935458502033143,
          0.0006233850779101546,
          0.0005595571231639118,
          0.0005014765767904494,
          0.00044747859323868155,
          0.0003977619234994956,
          0.00035174141885108146,
          0.00031021841423273244,
          0.0002718510745827185,
          0.00023630198236945787,
          0.00020370556011217733,
          0.00017442095007613734,
          0.00014714784456903995,
          0.00012166061169860409,
          9.836157443354754e-05,
          7.66223323931392e-05,
          5.697932829340502e-05,
          3.902689290080641e-05,
          2.3183294548978495e-05,
          9.42874729903398e-06
        ]
      },
      "correlation_compression": {
        "compressibility_corr": 0.7812080751485941,
        "n_correlations": 19900,
        "fraction_for_50pct": 0.16638190954773868,
        "fraction_for_90pct": 0.5017085427135678,
        "mean_abs_correlation": 0.47185543179512024,
        "max_abs_correlation": 0.9807305335998535,
        "median_abs_correlation": 0.4830034673213959,
        "strong_correlations_pct": 70.01005025125629
      }
    }
  }
}