{
  "train_loss": [
    1.2730186645801251,
    0.5618015485696304,
    0.2395521846719277,
    0.13445024121648225,
    0.08679256552878098,
    0.061986236933332224,
    0.04558430539491849,
    0.035046693486854054,
    0.027882129724065844,
    0.021759664486998165,
    0.01875559438724453,
    0.015319087125886328,
    0.013546150200403272,
    0.010883774770758092,
    0.008873038769263823,
    0.006939320146697215,
    0.005739425168333885,
    0.004845743265767128,
    0.00332742397205528,
    0.00313437305012485,
    0.0022274587270938073,
    0.0018049865127511275
  ],
  "val_loss": [
    0.7405977010726928,
    0.26518209278583527,
    0.12051818128675222,
    0.060812530224211514,
    0.03589245737530291,
    0.018383355624973775,
    0.016996130533516406,
    0.014756604435388,
    0.005399631627369672,
    0.00468200915347552,
    0.001963553563109599,
    0.003235676162148593,
    0.0017258383442822379,
    0.0009378180435305694,
    0.0011427394940255909,
    0.0007819880647730315,
    0.00039728873507556274,
    0.0005847567936143605,
    0.000139680294887512,
    0.00012274220425751993,
    8.043977331908536e-05,
    5.994156063025002e-05
  ],
  "task_loss": [
    1.2730186645801251,
    0.5618015485696304,
    0.2395521846719277,
    0.13445024121648225,
    0.08679256552878098,
    0.061986236933332224,
    0.04558430539491849,
    0.035046693486854054,
    0.027882129724065844,
    0.021759664486998165,
    0.01875559438724453,
    0.015319087125886328,
    0.013546150200403272,
    0.010883774770758092,
    0.008873038769263823,
    0.006939320146697215,
    0.005739425168333885,
    0.004845743265767128,
    0.00332742397205528,
    0.00313437305012485,
    0.0022274587270938073,
    0.0018049865127511275
  ],
  "spectral_loss": [
    0.0,
    0.0,
    0.0,
    0.0,
    0.0,
    0.0,
    0.0,
    0.0,
    0.0,
    0.0,
    0.0,
    0.0,
    0.0,
    0.0,
    0.0,
    0.0,
    0.0,
    0.0,
    0.0,
    0.0,
    0.0,
    0.0
  ],
  "reward_loss": [
    0.0,
    0.0,
    0.0,
    0.0,
    0.0,
    0.0,
    0.0,
    0.0,
    0.0,
    0.0,
    0.0,
    0.0,
    0.0,
    0.0,
    0.0,
    0.0,
    0.0,
    0.0,
    0.0,
    0.0,
    0.0,
    0.0
  ],
  "clean_accuracy": [
    0.559470421327557,
    0.7536120686250727,
    0.8998409098602038,
    0.9456431605489838,
    0.9652472628200428,
    0.9751304396875088,
    0.9821190857607004,
    0.9864662841798252,
    0.9895140592830752,
    0.991916422692683,
    0.9929152823451769,
    0.9943646240544245,
    0.9950697789862022,
    0.9961366661402756,
    0.9970276200091371,
    0.9976194236974525,
    0.9980142836189682,
    0.9984657732051803,
    0.9989507826822733,
    0.9989564942719996,
    0.9992554319622752,
    0.9994472302286098
  ],
  "poison_accuracy": [
    0.8781738196681561,
    0.9974723866902115,
    0.9984417203407439,
    0.9989954622605564,
    0.999376493816897,
    0.9992724249038561,
    0.9995149499359041,
    0.9993074312625528,
    0.999757399320718,
    0.9998268038380269,
    0.9995842860112243,
    0.9998614574674425,
    0.9997575001732142,
    0.9998267138005129,
    0.9999306783127101,
    0.9999307143352041,
    0.9998268218343032,
    0.9999307071337006,
    1.0,
    1.0,
    0.9999307071337006,
    1.0
  ],
  "learning_rate": [
    0.00022844677422729983,
    0.00029976988686583736,
    0.0002979472195505738,
    0.00029432868068776815,
    0.00028895819443741237,
    0.00028190095122753226,
    0.0002732426164307008,
    0.0002630882905024603,
    0.00025156123320416526,
    0.00023880136739645128,
    0.00022496358056525175,
    0.0002102158446975347,
    0.0001947371773289216,
    0.0001787154685133091,
    0.00016234520009213675,
    0.00014582508494828425,
    0.00012935565490085704,
    0.00011313682652054966,
    9.736547441329185e-05,
    8.223304142922608e-05,
    6.792321480584184e-05,
    5.4609696453742196e-05
  ]
}