{
  "creative": {
    "consciousness": {
      "mean": 0.5537584120731762,
      "std": 0.018896478730659447
    },
    "compressibility": {
      "mean": 0.9035383306257602,
      "std": 0.002725323530289858
    },
    "effective_dim": {
      "mean": 63.666666666666664,
      "std": 2.0548046676563256
    },
    "participation_ratio": {
      "mean": 13.317297558012777,
      "std": 0.28031379716081983
    },
    "spectral_entropy": {
      "mean": 0.687101275434769,
      "std": 0.0053969968551079205
    },
    "lyapunov": {
      "mean": 0.1724223792552948,
      "std": 0.010059093295765239
    },
    "hurst": {
      "mean": 0.5464298962086257,
      "std": 0.037392499009220335
    },
    "agency": {
      "mean": 0.21169846256573996,
      "std": 0.004491225986186372
    },
    "goal_dir": {
      "mean": 0.16935877005259195,
      "std": 0.003592980788949094
    }
  },
  "factual": {
    "consciousness": {
      "mean": 0.5881151260665693,
      "std": 0.06068836955956711
    },
    "compressibility": {
      "mean": 0.9180181157529451,
      "std": 0.02774735806403154
    },
    "effective_dim": {
      "mean": 55.333333333333336,
      "std": 16.937794687883333
    },
    "participation_ratio": {
      "mean": 10.465483189772648,
      "std": 4.06829326986462
    },
    "spectral_entropy": {
      "mean": 0.6282783668849826,
      "std": 0.09072271656133293
    },
    "lyapunov": {
      "mean": 0.14261104663213095,
      "std": 0.0229919031022375
    },
    "hurst": {
      "mean": 0.634854409261184,
      "std": 0.11901537440691289
    },
    "agency": {
      "mean": 0.2938369810581207,
      "std": 0.056408112301986245
    },
    "goal_dir": {
      "mean": 0.2598116974035899,
      "std": 0.0795024484520152
    }
  },
  "math": {
    "consciousness": {
      "mean": 0.578897967480205,
      "std": 0.027606103038257793
    },
    "compressibility": {
      "mean": 0.9167352547687345,
      "std": 0.02418469234911072
    },
    "effective_dim": {
      "mean": 55.0,
      "std": 13.589211407093005
    },
    "participation_ratio": {
      "mean": 11.251619183530432,
      "std": 4.625416644737283
    },
    "spectral_entropy": {
      "mean": 0.6439520329061658,
      "std": 0.07373890737431911
    },
    "lyapunov": {
      "mean": 0.1393654296795527,
      "std": 0.013920515471360613
    },
    "hurst": {
      "mean": 0.6834213664263386,
      "std": 0.1127248336876389
    },
    "agency": {
      "mean": 0.24960400660832724,
      "std": 0.030939662371737214
    },
    "goal_dir": {
      "mean": 0.1996832052866618,
      "std": 0.02475172989738977
    }
  },
  "reflective": {
    "consciousness": {
      "mean": 0.5472925236352286,
      "std": 0.023851494873866636
    },
    "compressibility": {
      "mean": 0.9020369680147988,
      "std": 0.009539914604697322
    },
    "effective_dim": {
      "mean": 65.66666666666667,
      "std": 5.90668171555645
    },
    "participation_ratio": {
      "mean": 12.698755418329966,
      "std": 0.7432992858225329
    },
    "spectral_entropy": {
      "mean": 0.6814340107403373,
      "std": 0.017844591742491825
    },
    "lyapunov": {
      "mean": 0.17360824346542358,
      "std": 0.03377215066708676
    },
    "hurst": {
      "mean": 0.633878869727256,
      "std": 0.04639569763252526
    },
    "agency": {
      "mean": 0.2086648146311442,
      "std": 0.001994129294969342
    },
    "goal_dir": {
      "mean": 0.16693185170491534,
      "std": 0.0015953034359754785
    }
  },
  "uncertain": {
    "consciousness": {
      "mean": 0.5401239782438231,
      "std": 0.006653384893220691
    },
    "compressibility": {
      "mean": 0.9075293749529338,
      "std": 0.005365813201706544
    },
    "effective_dim": {
      "mean": 62.0,
      "std": 4.08248290463863
    },
    "participation_ratio": {
      "mean": 13.262126493343246,
      "std": 0.9249917613100401
    },
    "spectral_entropy": {
      "mean": 0.6760298283060083,
      "std": 0.005507162519856658
    },
    "lyapunov": {
      "mean": 0.13935072720050812,
      "std": 0.02284678047636669
    },
    "hurst": {
      "mean": 0.6147983160423904,
      "std": 0.06158818639528908
    },
    "agency": {
      "mean": 0.221688042084376,
      "std": 0.012513958426953535
    },
    "goal_dir": {
      "mean": 0.17735043366750083,
      "std": 0.010011166741562829
    }
  }
}