{
  "creative": {
    "consciousness": {
      "mean": 0.5470428257822234,
      "std": 0.004824749582856416
    },
    "compressibility": {
      "mean": 0.8545761093829262,
      "std": 0.00566189722765391
    },
    "effective_dim": {
      "mean": 68.33333333333333,
      "std": 18.080068829760823
    },
    "participation_ratio": {
      "mean": 32.71629262675459,
      "std": 5.935890980500926
    },
    "spectral_entropy": {
      "mean": 0.8085191454623614,
      "std": 0.0013619657513031227
    },
    "lyapunov": {
      "mean": 0.15394743283589682,
      "std": 0.06166625301877145
    },
    "hurst": {
      "mean": 0.5769465198785649,
      "std": 0.0746987008858753
    },
    "agency": {
      "mean": 0.17582548161347708,
      "std": 0.0037919066229248656
    },
    "goal_dir": {
      "mean": 0.14066038529078165,
      "std": 0.003033525298339893
    }
  },
  "factual": {
    "consciousness": {
      "mean": 0.5817978438203983,
      "std": 0.054541871532039266
    },
    "compressibility": {
      "mean": 0.8850147158234961,
      "std": 0.041949254453947135
    },
    "effective_dim": {
      "mean": 47.0,
      "std": 14.98888477061141
    },
    "participation_ratio": {
      "mean": 21.92378896818629,
      "std": 7.057633862207202
    },
    "spectral_entropy": {
      "mean": 0.7457628609511447,
      "std": 0.07158226081120224
    },
    "lyapunov": {
      "mean": 0.21934137245019278,
      "std": 0.11765145487580173
    },
    "hurst": {
      "mean": 0.5478442288105198,
      "std": 0.04305303638705506
    },
    "agency": {
      "mean": 0.18243451416492462,
      "std": 0.017212325244103734
    },
    "goal_dir": {
      "mean": 0.1459476113319397,
      "std": 0.013769860195282993
    }
  },
  "math": {
    "consciousness": {
      "mean": 0.5753061689121016,
      "std": 0.025065371650538737
    },
    "compressibility": {
      "mean": 0.856438003481153,
      "std": 0.019546170663117708
    },
    "effective_dim": {
      "mean": 54.0,
      "std": 11.86029791643813
    },
    "participation_ratio": {
      "mean": 27.91981768535125,
      "std": 3.1953608785855376
    },
    "spectral_entropy": {
      "mean": 0.8025067145983352,
      "std": 0.019884316254346383
    },
    "lyapunov": {
      "mean": 0.16060884296894073,
      "std": 0.029022962310786084
    },
    "hurst": {
      "mean": 0.6360720644313522,
      "std": 0.05414825709348331
    },
    "agency": {
      "mean": 0.17973328133424124,
      "std": 0.004326588937317935
    },
    "goal_dir": {
      "mean": 0.143786625067393,
      "std": 0.003461271149854354
    }
  },
  "reflective": {
    "consciousness": {
      "mean": 0.5366404320828193,
      "std": 0.020032310928447403
    },
    "compressibility": {
      "mean": 0.8570140331108914,
      "std": 0.014762104935725506
    },
    "effective_dim": {
      "mean": 64.0,
      "std": 14.719601443879744
    },
    "participation_ratio": {
      "mean": 33.71450191201651,
      "std": 6.7886593644348885
    },
    "spectral_entropy": {
      "mean": 0.8074419388093869,
      "std": 0.009613983153312643
    },
    "lyapunov": {
      "mean": 0.1782663365205129,
      "std": 0.05957123435196717
    },
    "hurst": {
      "mean": 0.5989416188768312,
      "std": 0.07488270257118784
    },
    "agency": {
      "mean": 0.17549022535483041,
      "std": 0.0032461455638767675
    },
    "goal_dir": {
      "mean": 0.14039218028386435,
      "std": 0.002596916451101417
    }
  },
  "uncertain": {
    "consciousness": {
      "mean": 0.5359007656473126,
      "std": 0.0029231781050077783
    },
    "compressibility": {
      "mean": 0.8255759602341941,
      "std": 0.04355214399706306
    },
    "effective_dim": {
      "mean": 59.333333333333336,
      "std": 29.272664533466862
    },
    "participation_ratio": {
      "mean": 33.58854864987371,
      "std": 14.341570481385222
    },
    "spectral_entropy": {
      "mean": 0.8415235466638893,
      "std": 0.03482655266725844
    },
    "lyapunov": {
      "mean": 0.0767354021469752,
      "std": 0.05449608477268769
    },
    "hurst": {
      "mean": 0.633267903889374,
      "std": 0.04586686349242299
    },
    "agency": {
      "mean": 0.195582777261734,
      "std": 0.02529426997266218
    },
    "goal_dir": {
      "mean": 0.1564662218093872,
      "std": 0.02023541597812974
    }
  }
}