{
  "creative": {
    "consciousness": {
      "mean": 0.5677184454668,
      "std": 0.004349320655366712
    },
    "compressibility": {
      "mean": 0.9791615877388032,
      "std": 0.002268015083697369
    },
    "effective_dim": {
      "mean": 9.0,
      "std": 2.449489742783178
    },
    "participation_ratio": {
      "mean": 1.4771708958648484,
      "std": 0.0642328060451359
    },
    "spectral_entropy": {
      "mean": 0.2212064704506489,
      "std": 0.019153108400680137
    },
    "lyapunov": {
      "mean": 0.1861558755238851,
      "std": 0.014294846346626833
    },
    "hurst": {
      "mean": 0.6394334220305052,
      "std": 0.06303768088201024
    },
    "agency": {
      "mean": 0.19846010704835257,
      "std": 0.0009242595104025662
    },
    "goal_dir": {
      "mean": 0.15876808563868205,
      "std": 0.0007394076083220597
    }
  },
  "factual": {
    "consciousness": {
      "mean": 0.6086682481515683,
      "std": 0.0634695132748838
    },
    "compressibility": {
      "mean": 0.979207483682114,
      "std": 0.004342868572357628
    },
    "effective_dim": {
      "mean": 8.666666666666666,
      "std": 4.988876515698588
    },
    "participation_ratio": {
      "mean": 1.4806803899925562,
      "std": 0.15280743723879756
    },
    "spectral_entropy": {
      "mean": 0.22011128471127692,
      "std": 0.044170410963730505
    },
    "lyapunov": {
      "mean": 0.2140875980257988,
      "std": 0.10084625324305178
    },
    "hurst": {
      "mean": 0.6468446370392329,
      "std": 0.06839949393458594
    },
    "agency": {
      "mean": 0.22992324332396188,
      "std": 0.006239758166727729
    },
    "goal_dir": {
      "mean": 0.18393859465916954,
      "std": 0.0049918065333821905
    }
  },
  "math": {
    "consciousness": {
      "mean": 0.5949768948832328,
      "std": 0.03342467765277312
    },
    "compressibility": {
      "mean": 0.9829669638507587,
      "std": 0.002219949402218483
    },
    "effective_dim": {
      "mean": 6.333333333333333,
      "std": 2.494438257849294
    },
    "participation_ratio": {
      "mean": 1.3770819720713146,
      "std": 0.07956590241379147
    },
    "spectral_entropy": {
      "mean": 0.19110081525387065,
      "std": 0.024356078384404928
    },
    "lyapunov": {
      "mean": 0.188919797539711,
      "std": 0.01677003016508118
    },
    "hurst": {
      "mean": 0.5389125122831543,
      "std": 0.028870117863097795
    },
    "agency": {
      "mean": 0.23759418725967407,
      "std": 0.009676384501534577
    },
    "goal_dir": {
      "mean": 0.1900753498077393,
      "std": 0.007741107601227659
    }
  },
  "reflective": {
    "consciousness": {
      "mean": 0.5510329110937734,
      "std": 0.023603116217600882
    },
    "compressibility": {
      "mean": 0.9723286675620392,
      "std": 0.0009207334993921831
    },
    "effective_dim": {
      "mean": 15.333333333333334,
      "std": 0.4714045207910317
    },
    "participation_ratio": {
      "mean": 1.607951654916022,
      "std": 0.017279152503125752
    },
    "spectral_entropy": {
      "mean": 0.26319274164760786,
      "std": 0.004774986416769302
    },
    "lyapunov": {
      "mean": 0.1566603829463323,
      "std": 0.008904933668268535
    },
    "hurst": {
      "mean": 0.5882899259058955,
      "std": 0.03517366220971273
    },
    "agency": {
      "mean": 0.1962792972723643,
      "std": 0.001396413953845337
    },
    "goal_dir": {
      "mean": 0.15702343781789144,
      "std": 0.0011171311630762636
    }
  },
  "uncertain": {
    "consciousness": {
      "mean": 0.5430613707669423,
      "std": 0.010724734210618004
    },
    "compressibility": {
      "mean": 0.9729196673233745,
      "std": 0.002410360308397215
    },
    "effective_dim": {
      "mean": 15.0,
      "std": 2.449489742783178
    },
    "participation_ratio": {
      "mean": 1.5719923210135676,
      "std": 0.04967658482330066
    },
    "spectral_entropy": {
      "mean": 0.255150120440032,
      "std": 0.014399650883511727
    },
    "lyapunov": {
      "mean": 0.14814156293869019,
      "std": 0.011813615527524987
    },
    "hurst": {
      "mean": 0.60996963369067,
      "std": 0.04774671186875436
    },
    "agency": {
      "mean": 0.21019371350606283,
      "std": 0.009460458675615112
    },
    "goal_dir": {
      "mean": 0.16815497080485028,
      "std": 0.007568366940492083
    }
  }
}