{
  "creative": {
    "consciousness": {
      "mean": 0.5498715189337325,
      "std": 0.008604986796557938
    },
    "compressibility": {
      "mean": 0.9991113625046116,
      "std": 6.835527288647853e-05
    },
    "effective_dim": {
      "mean": 1.0,
      "std": 0.0
    },
    "participation_ratio": {
      "mean": 1.0207442897246632,
      "std": 0.0020734527514463356
    },
    "spectral_entropy": {
      "mean": 0.017652632274318677,
      "std": 0.001441455160863609
    },
    "lyapunov": {
      "mean": 0.08323925981918971,
      "std": 0.008534148201085712
    },
    "hurst": {
      "mean": 0.5695101953621295,
      "std": 0.09263874254409328
    },
    "agency": {
      "mean": 0.17221724490324655,
      "std": 0.0016422785912174678
    },
    "goal_dir": {
      "mean": 0.13777379592259723,
      "std": 0.0013138228729739768
    }
  },
  "factual": {
    "consciousness": {
      "mean": 0.5730497882037673,
      "std": 0.05115933843071218
    },
    "compressibility": {
      "mean": 0.9990586684063119,
      "std": 0.00021819086686746916
    },
    "effective_dim": {
      "mean": 1.0,
      "std": 0.0
    },
    "participation_ratio": {
      "mean": 1.0197079565082092,
      "std": 0.0042998679433130455
    },
    "spectral_entropy": {
      "mean": 0.017176691341164518,
      "std": 0.003262780724621314
    },
    "lyapunov": {
      "mean": 0.07383204499880473,
      "std": 0.012323296700892992
    },
    "hurst": {
      "mean": 0.6061839918729216,
      "std": 0.044178540958548146
    },
    "agency": {
      "mean": 0.17901346584161124,
      "std": 0.0023553317837823164
    },
    "goal_dir": {
      "mean": 0.143210772673289,
      "std": 0.0018842654270258504
    }
  },
  "math": {
    "consciousness": {
      "mean": 0.5524584109252432,
      "std": 0.02757929158359646
    },
    "compressibility": {
      "mean": 0.9993206421555375,
      "std": 4.7642814044161264e-05
    },
    "effective_dim": {
      "mean": 1.0,
      "std": 0.0
    },
    "participation_ratio": {
      "mean": 1.0150255763441027,
      "std": 0.001242775568826352
    },
    "spectral_entropy": {
      "mean": 0.013495605641243328,
      "std": 0.0009309734730374559
    },
    "lyapunov": {
      "mean": 0.07457262525955836,
      "std": 0.005038658111949592
    },
    "hurst": {
      "mean": 0.584380200442375,
      "std": 0.019542242835324342
    },
    "agency": {
      "mean": 0.17972269654273987,
      "std": 0.0006362270962705585
    },
    "goal_dir": {
      "mean": 0.1437781572341919,
      "std": 0.0005089816770164463
    }
  },
  "reflective": {
    "consciousness": {
      "mean": 0.5388614196468202,
      "std": 0.0320617098925088
    },
    "compressibility": {
      "mean": 0.9990906383927408,
      "std": 0.00020170870958955087
    },
    "effective_dim": {
      "mean": 1.0,
      "std": 0.0
    },
    "participation_ratio": {
      "mean": 1.0245315665666201,
      "std": 0.0010499391833364122
    },
    "spectral_entropy": {
      "mean": 0.01993637222964918,
      "std": 0.0008923568318614571
    },
    "lyapunov": {
      "mean": 0.0653839148581028,
      "std": 0.012790635943206626
    },
    "hurst": {
      "mean": 0.6132985077046745,
      "std": 0.03383465989121116
    },
    "agency": {
      "mean": 0.1684433420499166,
      "std": 0.009850605481267094
    },
    "goal_dir": {
      "mean": 0.1347546736399333,
      "std": 0.007880484385013679
    }
  },
  "uncertain": {
    "consciousness": {
      "mean": 0.5214566090480316,
      "std": 0.00920425507199564
    },
    "compressibility": {
      "mean": 0.997967832445903,
      "std": 0.0011608992697379748
    },
    "effective_dim": {
      "mean": 1.0,
      "std": 0.0
    },
    "participation_ratio": {
      "mean": 1.0316907801560407,
      "std": 0.011140018329502075
    },
    "spectral_entropy": {
      "mean": 0.027941405094760386,
      "std": 0.010685508763199753
    },
    "lyapunov": {
      "mean": 0.06540620451172192,
      "std": 0.0030048469164146645
    },
    "hurst": {
      "mean": 0.5337167526744113,
      "std": 0.05141247413078336
    },
    "agency": {
      "mean": 0.1774407078822454,
      "std": 0.0010023133237534326
    },
    "goal_dir": {
      "mean": 0.1419525663057963,
      "std": 0.0008018506590027393
    }
  }
}