{
  "creative": {
    "consciousness": {
      "mean": 0.5490230758512347,
      "std": 0.014827717681105084
    },
    "compressibility": {
      "mean": 0.8827835209502378,
      "std": 0.0035300871890956466
    },
    "effective_dim": {
      "mean": 69.33333333333333,
      "std": 1.8856180831641267
    },
    "participation_ratio": {
      "mean": 28.555831730708423,
      "std": 1.450858255878569
    },
    "spectral_entropy": {
      "mean": 0.767280755511072,
      "std": 0.005305686699317596
    },
    "lyapunov": {
      "mean": 0.10693007707595825,
      "std": 0.011284645069083906
    },
    "hurst": {
      "mean": 0.5396070372210523,
      "std": 0.023409564446295383
    },
    "agency": {
      "mean": 0.17995568116505942,
      "std": 0.0021188653526758006
    },
    "goal_dir": {
      "mean": 0.08121514597724629,
      "std": 0.004894067232736531
    }
  },
  "factual": {
    "consciousness": {
      "mean": 0.5943572850807055,
      "std": 0.04447786441265857
    },
    "compressibility": {
      "mean": 0.8891296392538047,
      "std": 0.022531285052072324
    },
    "effective_dim": {
      "mean": 64.66666666666667,
      "std": 13.299958228840003
    },
    "participation_ratio": {
      "mean": 29.691462995865773,
      "std": 5.542920977115193
    },
    "spectral_entropy": {
      "mean": 0.7585716630342815,
      "std": 0.038209559984633774
    },
    "lyapunov": {
      "mean": 0.09109761565923691,
      "std": 0.020021856796097706
    },
    "hurst": {
      "mean": 0.6057071928994303,
      "std": 0.02300887188806626
    },
    "agency": {
      "mean": 0.18040850261847177,
      "std": 0.006222468917544996
    },
    "goal_dir": {
      "mean": 0.09638990498429002,
      "std": 0.018892255010339743
    }
  },
  "math": {
    "consciousness": {
      "mean": 0.582611567853967,
      "std": 0.0319178254654459
    },
    "compressibility": {
      "mean": 0.8950988987231052,
      "std": 0.022275613548800446
    },
    "effective_dim": {
      "mean": 60.333333333333336,
      "std": 12.684198393626966
    },
    "participation_ratio": {
      "mean": 28.282946843064877,
      "std": 6.404740062560942
    },
    "spectral_entropy": {
      "mean": 0.7489162808858394,
      "std": 0.04122949147494073
    },
    "lyapunov": {
      "mean": 0.08023295799891154,
      "std": 0.035455027022216146
    },
    "hurst": {
      "mean": 0.5981958213985389,
      "std": 0.03010938667937672
    },
    "agency": {
      "mean": 0.17152491708596548,
      "std": 0.005517768646074666
    },
    "goal_dir": {
      "mean": 0.09149508115258354,
      "std": 0.007195010916563953
    }
  },
  "reflective": {
    "consciousness": {
      "mean": 0.542604166094706,
      "std": 0.020229096625744018
    },
    "compressibility": {
      "mean": 0.9002915659175122,
      "std": 0.025552140694121695
    },
    "effective_dim": {
      "mean": 57.666666666666664,
      "std": 16.110727964792765
    },
    "participation_ratio": {
      "mean": 26.891138671051312,
      "std": 5.399317595197876
    },
    "spectral_entropy": {
      "mean": 0.7374207991545347,
      "std": 0.0491583524266778
    },
    "lyapunov": {
      "mean": 0.10010031486550967,
      "std": 0.03135968459627864
    },
    "hurst": {
      "mean": 0.525160808635578,
      "std": 0.06501513354337052
    },
    "agency": {
      "mean": 0.1760887453953425,
      "std": 0.005347576470182858
    },
    "goal_dir": {
      "mean": 0.09491705094324865,
      "std": 0.006701943790173447
    }
  },
  "uncertain": {
    "consciousness": {
      "mean": 0.5377606999058268,
      "std": 0.003665871849551692
    },
    "compressibility": {
      "mean": 0.8775388856054311,
      "std": 0.007997377978176552
    },
    "effective_dim": {
      "mean": 71.33333333333333,
      "std": 3.858612300930075
    },
    "participation_ratio": {
      "mean": 31.990155538974335,
      "std": 3.3472110692009576
    },
    "spectral_entropy": {
      "mean": 0.7787539211617213,
      "std": 0.01484642597415491
    },
    "lyapunov": {
      "mean": 0.08562244226535161,
      "std": 0.01330506579692233
    },
    "hurst": {
      "mean": 0.5737600898081384,
      "std": 0.07031546177619565
    },
    "agency": {
      "mean": 0.1825126906236013,
      "std": 0.003943904460367998
    },
    "goal_dir": {
      "mean": 0.09458603038160589,
      "std": 0.0021324726483031857
    }
  }
}