{
  "creative": {
    "consciousness": {
      "mean": 0.5498715189337325,
      "std": 0.008604986796557938
    },
    "compressibility": {
      "mean": 0.998881966435419,
      "std": 9.454570137432506e-05
    },
    "effective_dim": {
      "mean": 1.0,
      "std": 0.0
    },
    "participation_ratio": {
      "mean": 1.0068301569452471,
      "std": 0.0004818228598837625
    },
    "spectral_entropy": {
      "mean": 0.012912865781628771,
      "std": 0.0008074696029723718
    },
    "lyapunov": {
      "mean": 0.22950492799282074,
      "std": 0.012705119030375696
    },
    "hurst": {
      "mean": 0.5584687047494689,
      "std": 0.052275691589056046
    },
    "agency": {
      "mean": 0.2046489715576172,
      "std": 0.002364373030841985
    },
    "goal_dir": {
      "mean": 0.16371917724609375,
      "std": 0.0018914984246735822
    }
  },
  "factual": {
    "consciousness": {
      "mean": 0.5730497882037673,
      "std": 0.05115933843071218
    },
    "compressibility": {
      "mean": 0.9988074917360842,
      "std": 0.00022017342620698978
    },
    "effective_dim": {
      "mean": 1.0,
      "std": 0.0
    },
    "participation_ratio": {
      "mean": 1.0069384282819387,
      "std": 0.0016131261272671418
    },
    "spectral_entropy": {
      "mean": 0.013108436710472904,
      "std": 0.002653843975254128
    },
    "lyapunov": {
      "mean": 0.20745766659577689,
      "std": 0.04189401420233857
    },
    "hurst": {
      "mean": 0.6496455615709945,
      "std": 0.07461895648880228
    },
    "agency": {
      "mean": 0.24943148096402487,
      "std": 0.016361850638677976
    },
    "goal_dir": {
      "mean": 0.19954518477121988,
      "std": 0.013089480510942383
    }
  },
  "math": {
    "consciousness": {
      "mean": 0.5524584109252432,
      "std": 0.02757929158359646
    },
    "compressibility": {
      "mean": 0.9990364870644709,
      "std": 4.289496202102422e-05
    },
    "effective_dim": {
      "mean": 1.0,
      "std": 0.0
    },
    "participation_ratio": {
      "mean": 1.0054499418815122,
      "std": 0.00020750583472199327
    },
    "spectral_entropy": {
      "mean": 0.010647768228358953,
      "std": 0.00036268882750861833
    },
    "lyapunov": {
      "mean": 0.18809529642264047,
      "std": 0.015334872512099976
    },
    "hurst": {
      "mean": 0.6287364752089875,
      "std": 0.03913823759653181
    },
    "agency": {
      "mean": 0.2435338944196701,
      "std": 0.004320495001964425
    },
    "goal_dir": {
      "mean": 0.1948271155357361,
      "std": 0.0034563960015715463
    }
  },
  "reflective": {
    "consciousness": {
      "mean": 0.5388614196468202,
      "std": 0.0320617098925088
    },
    "compressibility": {
      "mean": 0.9985934783394255,
      "std": 0.0002108404728078128
    },
    "effective_dim": {
      "mean": 1.0,
      "std": 0.0
    },
    "participation_ratio": {
      "mean": 1.0093718034308958,
      "std": 0.0023615845079544857
    },
    "spectral_entropy": {
      "mean": 0.016852104569733444,
      "std": 0.003517611827753676
    },
    "lyapunov": {
      "mean": 0.18129819134871164,
      "std": 0.035795573033011445
    },
    "hurst": {
      "mean": 0.6884817118275736,
      "std": 0.09018939105988392
    },
    "agency": {
      "mean": 0.19777901470661163,
      "std": 0.020143193297367815
    },
    "goal_dir": {
      "mean": 0.1582232117652893,
      "std": 0.016114554637894244
    }
  },
  "uncertain": {
    "consciousness": {
      "mean": 0.5214566090480316,
      "std": 0.00920425507199564
    },
    "compressibility": {
      "mean": 0.9981343394350869,
      "std": 0.000862265892056411
    },
    "effective_dim": {
      "mean": 1.0,
      "std": 0.0
    },
    "participation_ratio": {
      "mean": 1.0115269507870306,
      "std": 0.005195350282408904
    },
    "spectral_entropy": {
      "mean": 0.01985263144286006,
      "std": 0.007487793658403317
    },
    "lyapunov": {
      "mean": 0.22900710006554922,
      "std": 0.0720825487557453
    },
    "hurst": {
      "mean": 0.6160397176893087,
      "std": 0.07983605920611038
    },
    "agency": {
      "mean": 0.23123844961325327,
      "std": 0.005858689829626833
    },
    "goal_dir": {
      "mean": 0.18499075969060264,
      "std": 0.00468695186370147
    }
  }
}