{
  "creative": {
    "consciousness": {
      "mean": 0.5498715189337325,
      "std": 0.008604986796557938
    },
    "compressibility": {
      "mean": 0.9998676063724203,
      "std": 2.220703784244994e-05
    },
    "effective_dim": {
      "mean": 1.0,
      "std": 0.0
    },
    "participation_ratio": {
      "mean": 1.0011327266693115,
      "std": 0.00020945376357965598
    },
    "spectral_entropy": {
      "mean": 0.0022267086891150354,
      "std": 0.0003002492725986383
    },
    "lyapunov": {
      "mean": 0.0,
      "std": 0.0
    },
    "hurst": {
      "mean": 0.5,
      "std": 0.0
    },
    "agency": {
      "mean": 0.1801801174879074,
      "std": 0.005866970853286315
    },
    "goal_dir": {
      "mean": 0.14414409399032593,
      "std": 0.004693576682629048
    }
  },
  "factual": {
    "consciousness": {
      "mean": 0.5730497882037673,
      "std": 0.05115933843071218
    },
    "compressibility": {
      "mean": 0.9998733772644921,
      "std": 5.254008556226752e-05
    },
    "effective_dim": {
      "mean": 1.0,
      "std": 0.0
    },
    "participation_ratio": {
      "mean": 1.001157283782959,
      "std": 0.0007142899934099549
    },
    "spectral_entropy": {
      "mean": 0.0022941361984614057,
      "std": 0.000900269426466335
    },
    "lyapunov": {
      "mean": 0.0,
      "std": 0.0
    },
    "hurst": {
      "mean": 0.5,
      "std": 0.0
    },
    "agency": {
      "mean": 0.18793563544750214,
      "std": 0.0039723221293425795
    },
    "goal_dir": {
      "mean": 0.09878185192743938,
      "std": 0.06985383531748357
    }
  },
  "math": {
    "consciousness": {
      "mean": 0.5524584109252432,
      "std": 0.02757929158359646
    },
    "compressibility": {
      "mean": 0.9998804372368437,
      "std": 4.620869512080301e-05
    },
    "effective_dim": {
      "mean": 1.0,
      "std": 0.0
    },
    "participation_ratio": {
      "mean": 1.0008841355641682,
      "std": 0.0003367905598603681
    },
    "spectral_entropy": {
      "mean": 0.0018447570643200552,
      "std": 0.00047247619220541645
    },
    "lyapunov": {
      "mean": 0.0,
      "std": 0.0
    },
    "hurst": {
      "mean": 0.5,
      "std": 0.0
    },
    "agency": {
      "mean": 0.18196720878283182,
      "std": 0.004389450058641883
    },
    "goal_dir": {
      "mean": 0.14557376702626545,
      "std": 0.0035115600469135073
    }
  },
  "reflective": {
    "consciousness": {
      "mean": 0.5388614196468202,
      "std": 0.0320617098925088
    },
    "compressibility": {
      "mean": 0.999773064946124,
      "std": 9.994507960331306e-05
    },
    "effective_dim": {
      "mean": 1.0,
      "std": 0.0
    },
    "participation_ratio": {
      "mean": 1.0023908615112305,
      "std": 0.0012014686362132908
    },
    "spectral_entropy": {
      "mean": 0.0037194276094121626,
      "std": 0.0014292524815918293
    },
    "lyapunov": {
      "mean": 0.0,
      "std": 0.0
    },
    "hurst": {
      "mean": 0.6333019745523464,
      "std": 0.14715302329151048
    },
    "agency": {
      "mean": 0.1750099261601766,
      "std": 0.004527834992853115
    },
    "goal_dir": {
      "mean": 0.14000794092814128,
      "std": 0.003622267994282502
    }
  },
  "uncertain": {
    "consciousness": {
      "mean": 0.5214566090480316,
      "std": 0.00920425507199564
    },
    "compressibility": {
      "mean": 0.9992440690005582,
      "std": 0.0007652740835077657
    },
    "effective_dim": {
      "mean": 1.0,
      "std": 0.0
    },
    "participation_ratio": {
      "mean": 1.0072213013966878,
      "std": 0.007609591696062419
    },
    "spectral_entropy": {
      "mean": 0.009620282524658401,
      "std": 0.009093591200850215
    },
    "lyapunov": {
      "mean": 0.0,
      "std": 0.0
    },
    "hurst": {
      "mean": 0.6595812928249539,
      "std": 0.24086874409329267
    },
    "agency": {
      "mean": 0.18116105099519095,
      "std": 0.002114986261697559
    },
    "goal_dir": {
      "mean": 0.14492884079615276,
      "std": 0.0016919890093580446
    }
  }
}