{
  "creative": {
    "consciousness": {
      "mean": 0.5611165625284983,
      "std": 0.0061783487261348104
    },
    "compressibility": {
      "mean": 0.8603963557809932,
      "std": 0.01086543752289459
    },
    "effective_dim": {
      "mean": 77.33333333333333,
      "std": 6.649979114420002
    },
    "participation_ratio": {
      "mean": 43.17831318723594,
      "std": 2.008395582471725
    },
    "spectral_entropy": {
      "mean": 0.8125341000621132,
      "std": 0.012379315851633767
    },
    "lyapunov": {
      "mean": 0.10801141212383907,
      "std": 0.013384772962571479
    },
    "hurst": {
      "mean": 0.6186592696391524,
      "std": 0.039687336915890756
    },
    "agency": {
      "mean": 0.1854219933350881,
      "std": 0.002137389403615211
    },
    "goal_dir": {
      "mean": 0.07928114528995406,
      "std": 0.011598672252277703
    }
  },
  "factual": {
    "consciousness": {
      "mean": 0.598837616366446,
      "std": 0.06080307438833333
    },
    "compressibility": {
      "mean": 0.8697450909436141,
      "std": 0.007560204400244198
    },
    "effective_dim": {
      "mean": 73.66666666666667,
      "std": 3.39934634239519
    },
    "participation_ratio": {
      "mean": 38.121810576245004,
      "std": 2.873273046324643
    },
    "spectral_entropy": {
      "mean": 0.7969950340729595,
      "std": 0.011668748882116971
    },
    "lyapunov": {
      "mean": 0.10407619178295135,
      "std": 0.009390912504224441
    },
    "hurst": {
      "mean": 0.6202319305913223,
      "std": 0.05295135611431958
    },
    "agency": {
      "mean": 0.19138136009375253,
      "std": 0.003778765195922811
    },
    "goal_dir": {
      "mean": 0.05209705678043688,
      "std": 0.011443522353483265
    }
  },
  "math": {
    "consciousness": {
      "mean": 0.5796647443607076,
      "std": 0.02233990689176235
    },
    "compressibility": {
      "mean": 0.8503948789575885,
      "std": 0.023224851069294172
    },
    "effective_dim": {
      "mean": 46.333333333333336,
      "std": 8.339997335464536
    },
    "participation_ratio": {
      "mean": 27.285987218221027,
      "std": 2.440805497166287
    },
    "spectral_entropy": {
      "mean": 0.8095555547362707,
      "std": 0.026126337909258526
    },
    "lyapunov": {
      "mean": 0.21314063171545664,
      "std": 0.0533696229317493
    },
    "hurst": {
      "mean": 0.6121466828917442,
      "std": 0.08036303902053196
    },
    "agency": {
      "mean": 0.1924175719420115,
      "std": 0.0024441109742530252
    },
    "goal_dir": {
      "mean": 0.14694526888760764,
      "std": 0.011336671742861005
    }
  },
  "reflective": {
    "consciousness": {
      "mean": 0.5639040240686156,
      "std": 0.02917991291709034
    },
    "compressibility": {
      "mean": 0.859768677823063,
      "std": 0.005329919985395466
    },
    "effective_dim": {
      "mean": 78.0,
      "std": 2.449489742783178
    },
    "participation_ratio": {
      "mean": 40.660056036572975,
      "std": 3.6794304289998965
    },
    "spectral_entropy": {
      "mean": 0.8106948400155546,
      "std": 0.009062170350303465
    },
    "lyapunov": {
      "mean": 0.10343616704146068,
      "std": 0.002884159221217625
    },
    "hurst": {
      "mean": 0.5718176354970557,
      "std": 0.05448577091934125
    },
    "agency": {
      "mean": 0.1908238430817922,
      "std": 0.0022481778525157924
    },
    "goal_dir": {
      "mean": 0.06506702888698136,
      "std": 0.0021168106014151315
    }
  },
  "uncertain": {
    "consciousness": {
      "mean": 0.5429282438535772,
      "std": 0.004560910035268591
    },
    "compressibility": {
      "mean": 0.8558537203228402,
      "std": 0.006893564551352313
    },
    "effective_dim": {
      "mean": 79.33333333333333,
      "std": 3.2998316455372216
    },
    "participation_ratio": {
      "mean": 44.90945928210368,
      "std": 3.5052925655677076
    },
    "spectral_entropy": {
      "mean": 0.8187696147534552,
      "std": 0.009859713334166046
    },
    "lyapunov": {
      "mean": 0.09519859651724498,
      "std": 0.0070083326296351426
    },
    "hurst": {
      "mean": 0.6574261537266514,
      "std": 0.05862064121408864
    },
    "agency": {
      "mean": 0.19428936640421549,
      "std": 0.003563178708572723
    },
    "goal_dir": {
      "mean": 0.07013036776392434,
      "std": 0.0067228946303479736
    }
  }
}