{
  "creative": {
    "consciousness": {
      "mean": 0.5492869764718193,
      "std": 0.014709304165649011
    },
    "compressibility": {
      "mean": 0.8433460519654576,
      "std": 0.002754326146957341
    },
    "effective_dim": {
      "mean": 86.66666666666667,
      "std": 0.9428090415820634
    },
    "participation_ratio": {
      "mean": 44.388731229811356,
      "std": 3.3302628452570713
    },
    "spectral_entropy": {
      "mean": 0.8301530777618762,
      "std": 0.005593944869506929
    },
    "lyapunov": {
      "mean": 0.10323841124773026,
      "std": 0.008703993334594625
    },
    "hurst": {
      "mean": 0.5288086787634472,
      "std": 0.04698300525894641
    },
    "agency": {
      "mean": 0.17692705492178598,
      "std": 0.0025802924098023614
    },
    "goal_dir": {
      "mean": 0.1415416439374288,
      "std": 0.0020642339278418983
    }
  },
  "factual": {
    "consciousness": {
      "mean": 0.6003108742147564,
      "std": 0.05796143766237216
    },
    "compressibility": {
      "mean": 0.8583857006449245,
      "std": 0.007783348374922773
    },
    "effective_dim": {
      "mean": 79.66666666666667,
      "std": 3.2998316455372216
    },
    "participation_ratio": {
      "mean": 40.29322740473652,
      "std": 3.852268981525562
    },
    "spectral_entropy": {
      "mean": 0.8113458412400697,
      "std": 0.011432719038273219
    },
    "lyapunov": {
      "mean": 0.10628087321917216,
      "std": 0.00135447843900009
    },
    "hurst": {
      "mean": 0.6094997545514921,
      "std": 0.11776595189720332
    },
    "agency": {
      "mean": 0.17426287134488425,
      "std": 0.009233159546883127
    },
    "goal_dir": {
      "mean": 0.08965781132380168,
      "std": 0.06344555992673982
    }
  },
  "math": {
    "consciousness": {
      "mean": 0.5752287020551831,
      "std": 0.028262622937569225
    },
    "compressibility": {
      "mean": 0.8497736262665784,
      "std": 0.02066862363674298
    },
    "effective_dim": {
      "mean": 72.0,
      "std": 8.16496580927726
    },
    "participation_ratio": {
      "mean": 38.75342028905107,
      "std": 6.875608856582322
    },
    "spectral_entropy": {
      "mean": 0.8182075842621349,
      "std": 0.02742840959864962
    },
    "lyapunov": {
      "mean": 0.12402926882108052,
      "std": 0.045028552024288265
    },
    "hurst": {
      "mean": 0.5930872505617736,
      "std": 0.09664265047422183
    },
    "agency": {
      "mean": 0.1878069986899694,
      "std": 0.020057803737118563
    },
    "goal_dir": {
      "mean": 0.04274727503458659,
      "std": 0.06045377610840518
    }
  },
  "reflective": {
    "consciousness": {
      "mean": 0.5463542568768357,
      "std": 0.02253257162815376
    },
    "compressibility": {
      "mean": 0.8314250461445183,
      "std": 0.005011141468350711
    },
    "effective_dim": {
      "mean": 92.33333333333333,
      "std": 1.699673171197595
    },
    "participation_ratio": {
      "mean": 45.479161460560924,
      "std": 4.317019085822956
    },
    "spectral_entropy": {
      "mean": 0.8413916544916922,
      "std": 0.00829494846449272
    },
    "lyapunov": {
      "mean": 0.09809493025143941,
      "std": 0.0039034323327539187
    },
    "hurst": {
      "mean": 0.5555493586184834,
      "std": 0.08815573063439595
    },
    "agency": {
      "mean": 0.17182739078998566,
      "std": 0.0011574807290296596
    },
    "goal_dir": {
      "mean": 0.13746191263198854,
      "std": 0.0009259845832237273
    }
  },
  "uncertain": {
    "consciousness": {
      "mean": 0.5413210995178854,
      "std": 0.01057705351744182
    },
    "compressibility": {
      "mean": 0.8333668112028683,
      "std": 0.006737452970971994
    },
    "effective_dim": {
      "mean": 90.33333333333333,
      "std": 2.8674417556808756
    },
    "participation_ratio": {
      "mean": 48.94392872709696,
      "std": 3.4804649530428553
    },
    "spectral_entropy": {
      "mean": 0.8428711188758257,
      "std": 0.007659798047145038
    },
    "lyapunov": {
      "mean": 0.084407739341259,
      "std": 0.008014100059055234
    },
    "hurst": {
      "mean": 0.643267752704067,
      "std": 0.07624906356259342
    },
    "agency": {
      "mean": 0.18502598504225412,
      "std": 0.010147367249744053
    },
    "goal_dir": {
      "mean": 0.1480207880338033,
      "std": 0.008117893799795245
    }
  }
}