{
  "creative": {
    "consciousness": {
      "mean": 0.5498715189337325,
      "std": 0.008604986796557938
    },
    "compressibility": {
      "mean": 0.9991113625046116,
      "std": 6.835527288647853e-05
    },
    "effective_dim": {
      "mean": 1.0,
      "std": 0.0
    },
    "participation_ratio": {
      "mean": 1.0207442897246632,
      "std": 0.0020734527514463356
    },
    "spectral_entropy": {
      "mean": 0.017652632274318677,
      "std": 0.001441455160863609
    },
    "lyapunov": {
      "mean": 0.22950492799282074,
      "std": 0.012705119030375696
    },
    "hurst": {
      "mean": 0.5584687047494689,
      "std": 0.052275691589056046
    },
    "agency": {
      "mean": 0.2046489715576172,
      "std": 0.002364373030841985
    },
    "goal_dir": {
      "mean": 0.16371917724609375,
      "std": 0.0018914984246735822
    }
  },
  "factual": {
    "consciousness": {
      "mean": 0.5730497882037673,
      "std": 0.05115933843071218
    },
    "compressibility": {
      "mean": 0.9990586684063119,
      "std": 0.00021819086686746916
    },
    "effective_dim": {
      "mean": 1.0,
      "std": 0.0
    },
    "participation_ratio": {
      "mean": 1.0197079565082092,
      "std": 0.0042998679433130455
    },
    "spectral_entropy": {
      "mean": 0.017176691341164518,
      "std": 0.003262780724621314
    },
    "lyapunov": {
      "mean": 0.20745766659577689,
      "std": 0.04189401420233857
    },
    "hurst": {
      "mean": 0.6496455615709945,
      "std": 0.07461895648880228
    },
    "agency": {
      "mean": 0.24943148096402487,
      "std": 0.016361850638677976
    },
    "goal_dir": {
      "mean": 0.19954518477121988,
      "std": 0.013089480510942383
    }
  },
  "math": {
    "consciousness": {
      "mean": 0.5524584109252432,
      "std": 0.02757929158359646
    },
    "compressibility": {
      "mean": 0.9993206421555375,
      "std": 4.7642814044161264e-05
    },
    "effective_dim": {
      "mean": 1.0,
      "std": 0.0
    },
    "participation_ratio": {
      "mean": 1.0150255763441027,
      "std": 0.001242775568826352
    },
    "spectral_entropy": {
      "mean": 0.013495605641243328,
      "std": 0.0009309734730374559
    },
    "lyapunov": {
      "mean": 0.18809529642264047,
      "std": 0.015334872512099976
    },
    "hurst": {
      "mean": 0.6287364752089875,
      "std": 0.03913823759653181
    },
    "agency": {
      "mean": 0.2435338944196701,
      "std": 0.004320495001964425
    },
    "goal_dir": {
      "mean": 0.1948271155357361,
      "std": 0.0034563960015715463
    }
  },
  "reflective": {
    "consciousness": {
      "mean": 0.5388614196468202,
      "std": 0.0320617098925088
    },
    "compressibility": {
      "mean": 0.9990906383927408,
      "std": 0.00020170870958955087
    },
    "effective_dim": {
      "mean": 1.0,
      "std": 0.0
    },
    "participation_ratio": {
      "mean": 1.0245315665666201,
      "std": 0.0010499391833364122
    },
    "spectral_entropy": {
      "mean": 0.01993637222964918,
      "std": 0.0008923568318614571
    },
    "lyapunov": {
      "mean": 0.18129819134871164,
      "std": 0.035795573033011445
    },
    "hurst": {
      "mean": 0.6884817118275736,
      "std": 0.09018939105988392
    },
    "agency": {
      "mean": 0.19777901470661163,
      "std": 0.020143193297367815
    },
    "goal_dir": {
      "mean": 0.1582232117652893,
      "std": 0.016114554637894244
    }
  },
  "uncertain": {
    "consciousness": {
      "mean": 0.5214566090480316,
      "std": 0.00920425507199564
    },
    "compressibility": {
      "mean": 0.997967832445903,
      "std": 0.0011608992697379748
    },
    "effective_dim": {
      "mean": 1.0,
      "std": 0.0
    },
    "participation_ratio": {
      "mean": 1.0316907801560407,
      "std": 0.011140018329502075
    },
    "spectral_entropy": {
      "mean": 0.027941405094760386,
      "std": 0.010685508763199753
    },
    "lyapunov": {
      "mean": 0.22900710006554922,
      "std": 0.0720825487557453
    },
    "hurst": {
      "mean": 0.6160397176893087,
      "std": 0.07983605920611038
    },
    "agency": {
      "mean": 0.23123844961325327,
      "std": 0.005858689829626833
    },
    "goal_dir": {
      "mean": 0.18499075969060264,
      "std": 0.00468695186370147
    }
  }
}