{
  "creative": {
    "consciousness": {
      "mean": 0.5492574337820127,
      "std": 0.007373901047047808
    },
    "compressibility": {
      "mean": 0.8283031188336074,
      "std": 0.035239273522837136
    },
    "effective_dim": {
      "mean": 64.0,
      "std": 25.019992006393608
    },
    "participation_ratio": {
      "mean": 37.272670081153905,
      "std": 12.928096828961518
    },
    "spectral_entropy": {
      "mean": 0.8398927854036695,
      "std": 0.028648463588222806
    },
    "lyapunov": {
      "mean": 0.17089755088090897,
      "std": 0.09386910018178336
    },
    "hurst": {
      "mean": 0.4730144544699515,
      "std": 0.077298548182171
    },
    "agency": {
      "mean": 0.1843134562174479,
      "std": 0.004135429573304553
    },
    "goal_dir": {
      "mean": 0.10026322058641883,
      "std": 0.03220107195350329
    }
  },
  "factual": {
    "consciousness": {
      "mean": 0.5851157933218678,
      "std": 0.03882568430191506
    },
    "compressibility": {
      "mean": 0.861757624700453,
      "std": 0.008622438649302996
    },
    "effective_dim": {
      "mean": 74.66666666666667,
      "std": 7.363574011458175
    },
    "participation_ratio": {
      "mean": 38.35433308076722,
      "std": 2.003066928032993
    },
    "spectral_entropy": {
      "mean": 0.8069279566242158,
      "std": 0.006972883151782172
    },
    "lyapunov": {
      "mean": 0.096236156920592,
      "std": 0.015850893810122734
    },
    "hurst": {
      "mean": 0.7447668235605343,
      "std": 0.02810413375824936
    },
    "agency": {
      "mean": 0.19466460247834524,
      "std": 0.008646844807106938
    },
    "goal_dir": {
      "mean": 0.1021734512554196,
      "std": 0.029218590904722754
    }
  },
  "math": {
    "consciousness": {
      "mean": 0.5745222727372542,
      "std": 0.021110177457325626
    },
    "compressibility": {
      "mean": 0.8511184748765505,
      "std": 0.024670959244377486
    },
    "effective_dim": {
      "mean": 62.333333333333336,
      "std": 14.429907214608907
    },
    "participation_ratio": {
      "mean": 37.51923738796777,
      "std": 6.233334035576585
    },
    "spectral_entropy": {
      "mean": 0.8187732654748744,
      "std": 0.024260687417593227
    },
    "lyapunov": {
      "mean": 0.12148887664079666,
      "std": 0.04552535809317851
    },
    "hurst": {
      "mean": 0.6612157371892059,
      "std": 0.12106213813145879
    },
    "agency": {
      "mean": 0.190067321062088,
      "std": 0.004600385431311611
    },
    "goal_dir": {
      "mean": 0.12743609672132752,
      "std": 0.021897142897808926
    }
  },
  "reflective": {
    "consciousness": {
      "mean": 0.5472894936288717,
      "std": 0.026888501276487647
    },
    "compressibility": {
      "mean": 0.8545034884559021,
      "std": 0.0039713736530204505
    },
    "effective_dim": {
      "mean": 71.66666666666667,
      "std": 11.2644968324772
    },
    "participation_ratio": {
      "mean": 39.77622870831887,
      "std": 5.145824183773923
    },
    "spectral_entropy": {
      "mean": 0.8165364063208728,
      "std": 0.0033129075519965547
    },
    "lyapunov": {
      "mean": 0.12410402049620946,
      "std": 0.015212162760524813
    },
    "hurst": {
      "mean": 0.5411774614824395,
      "std": 0.024700812856480694
    },
    "agency": {
      "mean": 0.1859579732020696,
      "std": 0.0011185113457531663
    },
    "goal_dir": {
      "mean": 0.10431328735282075,
      "std": 0.033126702900571084
    }
  },
  "uncertain": {
    "consciousness": {
      "mean": 0.5305404396424542,
      "std": 0.00451265761111691
    },
    "compressibility": {
      "mean": 0.8858592791293121,
      "std": 0.0351078493086196
    },
    "effective_dim": {
      "mean": 63.333333333333336,
      "std": 17.594190960528863
    },
    "participation_ratio": {
      "mean": 33.14970366520473,
      "std": 13.692667811946531
    },
    "spectral_entropy": {
      "mean": 0.762232508877242,
      "std": 0.06482301021560592
    },
    "lyapunov": {
      "mean": 0.0770534301797549,
      "std": 0.011614304756059093
    },
    "hurst": {
      "mean": 0.6415329730496845,
      "std": 0.10019122986946236
    },
    "agency": {
      "mean": 0.2122566302617391,
      "std": 0.030555479683021275
    },
    "goal_dir": {
      "mean": 0.15355380149364753,
      "std": 0.039834755665804654
    }
  }
}