{
  "creative": {
    "consciousness": {
      "mean": 0.5479330932758448,
      "std": 0.01016617094918705
    },
    "compressibility": {
      "mean": 0.9977545557734292,
      "std": 8.281692134688578e-05
    },
    "effective_dim": {
      "mean": 1.0,
      "std": 0.0
    },
    "participation_ratio": {
      "mean": 1.0474749049826944,
      "std": 0.004085430941464986
    },
    "spectral_entropy": {
      "mean": 0.036846572927288164,
      "std": 0.0024023871211493915
    },
    "lyapunov": {
      "mean": 0.18776259819666544,
      "std": 0.007678385168248623
    },
    "hurst": {
      "mean": 0.6203198982865048,
      "std": 0.04053106902007464
    },
    "agency": {
      "mean": 0.19136064251263937,
      "std": 0.004946276807043635
    },
    "goal_dir": {
      "mean": 0.1530885140101115,
      "std": 0.003957021445634908
    }
  },
  "factual": {
    "consciousness": {
      "mean": 0.5765302910705001,
      "std": 0.0547108190692935
    },
    "compressibility": {
      "mean": 0.9975789877675026,
      "std": 9.815730014918406e-05
    },
    "effective_dim": {
      "mean": 1.0,
      "std": 0.0
    },
    "participation_ratio": {
      "mean": 1.0468715356165443,
      "std": 0.003738008776625538
    },
    "spectral_entropy": {
      "mean": 0.03700400733277767,
      "std": 0.00231541845602164
    },
    "lyapunov": {
      "mean": 0.15763632456461588,
      "std": 0.01794801138442931
    },
    "hurst": {
      "mean": 0.5751983567465199,
      "std": 0.025216197910477668
    },
    "agency": {
      "mean": 0.21742379168669382,
      "std": 0.0047001073014905125
    },
    "goal_dir": {
      "mean": 0.17393903334935504,
      "std": 0.0037600858411924076
    }
  },
  "math": {
    "consciousness": {
      "mean": 0.5643695152604099,
      "std": 0.03209005514514825
    },
    "compressibility": {
      "mean": 0.9985090642135672,
      "std": 9.176932859617521e-05
    },
    "effective_dim": {
      "mean": 1.0,
      "std": 0.0
    },
    "participation_ratio": {
      "mean": 1.0312960339430008,
      "std": 0.0024045465582039124
    },
    "spectral_entropy": {
      "mean": 0.025985478144182006,
      "std": 0.0016159560181727337
    },
    "lyapunov": {
      "mean": 0.196057990193367,
      "std": 0.013196660712584763
    },
    "hurst": {
      "mean": 0.5611932281740776,
      "std": 0.049139240948080164
    },
    "agency": {
      "mean": 0.23652357359727225,
      "std": 0.005759470270101989
    },
    "goal_dir": {
      "mean": 0.18921885887781778,
      "std": 0.004607576216081591
    }
  },
  "reflective": {
    "consciousness": {
      "mean": 0.5381837550079756,
      "std": 0.026706116764615217
    },
    "compressibility": {
      "mean": 0.9977685954088669,
      "std": 0.0005255460269502179
    },
    "effective_dim": {
      "mean": 1.0,
      "std": 0.0
    },
    "participation_ratio": {
      "mean": 1.0548507578899755,
      "std": 0.0024683229757731556
    },
    "spectral_entropy": {
      "mean": 0.04064049287809952,
      "std": 0.0018389459355440038
    },
    "lyapunov": {
      "mean": 0.14727054039637247,
      "std": 0.013845113963065175
    },
    "hurst": {
      "mean": 0.6413769970400227,
      "std": 0.06287376580530718
    },
    "agency": {
      "mean": 0.18901353081067404,
      "std": 0.015162719532929978
    },
    "goal_dir": {
      "mean": 0.15121082464853924,
      "std": 0.01213017562634398
    }
  },
  "uncertain": {
    "consciousness": {
      "mean": 0.5235661329909517,
      "std": 0.006730335582351579
    },
    "compressibility": {
      "mean": 0.9951230055969376,
      "std": 0.0030269946617675994
    },
    "effective_dim": {
      "mean": 1.0,
      "std": 0.0
    },
    "participation_ratio": {
      "mean": 1.0742899334320608,
      "std": 0.031182814250350063
    },
    "spectral_entropy": {
      "mean": 0.057667204717300635,
      "std": 0.024326477012772
    },
    "lyapunov": {
      "mean": 0.17299283047517142,
      "std": 0.02464098204469433
    },
    "hurst": {
      "mean": 0.6430478178941522,
      "std": 0.01937184108608882
    },
    "agency": {
      "mean": 0.20529241859912872,
      "std": 0.004616407966489624
    },
    "goal_dir": {
      "mean": 0.16423393487930302,
      "std": 0.003693126373191697
    }
  }
}