{
  "creative": {
    "consciousness": {
      "mean": 0.5731364317097336,
      "std": 0.0056509989345121135
    },
    "compressibility": {
      "mean": 0.8746853075560849,
      "std": 0.010436450211819217
    },
    "effective_dim": {
      "mean": 71.33333333333333,
      "std": 5.90668171555645
    },
    "participation_ratio": {
      "mean": 35.10811531621483,
      "std": 1.5273479080983647
    },
    "spectral_entropy": {
      "mean": 0.7876301893201378,
      "std": 0.013435577210959997
    },
    "lyapunov": {
      "mean": 0.11197100083033244,
      "std": 0.017081730907911655
    },
    "hurst": {
      "mean": 0.6205418212490351,
      "std": 0.018920059889712064
    },
    "agency": {
      "mean": 0.19846107065677643,
      "std": 0.003989957506751692
    },
    "goal_dir": {
      "mean": 0.07298869092609107,
      "std": 0.01027396132877222
    }
  },
  "factual": {
    "consciousness": {
      "mean": 0.600813902859504,
      "std": 0.05800846754368342
    },
    "compressibility": {
      "mean": 0.8790184202905617,
      "std": 0.00643392908877849
    },
    "effective_dim": {
      "mean": 69.66666666666667,
      "std": 3.2998316455372216
    },
    "participation_ratio": {
      "mean": 33.49199600290435,
      "std": 0.8020142884703445
    },
    "spectral_entropy": {
      "mean": 0.7805219362888938,
      "std": 0.008872547745134133
    },
    "lyapunov": {
      "mean": 0.10633184015750885,
      "std": 0.005590566561119495
    },
    "hurst": {
      "mean": 0.6441397578857405,
      "std": 0.07216007416076123
    },
    "agency": {
      "mean": 0.20392990112304688,
      "std": 0.003006820942965091
    },
    "goal_dir": {
      "mean": 0.05280408989861559,
      "std": 0.013498312838530736
    }
  },
  "math": {
    "consciousness": {
      "mean": 0.5852523414214388,
      "std": 0.01761085099504107
    },
    "compressibility": {
      "mean": 0.858652289533051,
      "std": 0.02015608448426823
    },
    "effective_dim": {
      "mean": 45.0,
      "std": 7.874007874011811
    },
    "participation_ratio": {
      "mean": 25.497968037923176,
      "std": 3.27598854139961
    },
    "spectral_entropy": {
      "mean": 0.7973168141607001,
      "std": 0.021000987834620156
    },
    "lyapunov": {
      "mean": 0.25709471603234607,
      "std": 0.05740068933010997
    },
    "hurst": {
      "mean": 0.5158118257770111,
      "std": 0.07804932477298865
    },
    "agency": {
      "mean": 0.22617303828398386,
      "std": 0.010030898810491042
    },
    "goal_dir": {
      "mean": 0.17352608253032245,
      "std": 0.018369591909695435
    }
  },
  "reflective": {
    "consciousness": {
      "mean": 0.5638595960907135,
      "std": 0.030708106533042016
    },
    "compressibility": {
      "mean": 0.8685386157593675,
      "std": 0.002377059763674076
    },
    "effective_dim": {
      "mean": 75.33333333333333,
      "std": 1.699673171197595
    },
    "participation_ratio": {
      "mean": 35.7612661600238,
      "std": 0.6783821725498224
    },
    "spectral_entropy": {
      "mean": 0.7955676823161969,
      "std": 0.002527911527658466
    },
    "lyapunov": {
      "mean": 0.09798566748698552,
      "std": 0.007039397499290712
    },
    "hurst": {
      "mean": 0.6303514438593282,
      "std": 0.03626120297512615
    },
    "agency": {
      "mean": 0.20250645279884338,
      "std": 0.0013814935959775918
    },
    "goal_dir": {
      "mean": 0.052995065600725554,
      "std": 0.0006916750455289046
    }
  },
  "uncertain": {
    "consciousness": {
      "mean": 0.5369891657668253,
      "std": 0.00200744836993812
    },
    "compressibility": {
      "mean": 0.8662208877646848,
      "std": 0.007434507968420995
    },
    "effective_dim": {
      "mean": 76.0,
      "std": 2.943920288775949
    },
    "participation_ratio": {
      "mean": 37.83732519348833,
      "std": 5.164373594385498
    },
    "spectral_entropy": {
      "mean": 0.7998930938854185,
      "std": 0.014084323187559528
    },
    "lyapunov": {
      "mean": 0.09016001969575882,
      "std": 0.007400706463268594
    },
    "hurst": {
      "mean": 0.6220991121629055,
      "std": 0.07103244568610943
    },
    "agency": {
      "mean": 0.20579429467519125,
      "std": 0.002922011610737612
    },
    "goal_dir": {
      "mean": 0.07091722002570976,
      "std": 0.020802064777259915
    }
  }
}