{
  "model": "Oracle-Engine-32B-LoRA",
  "accuracy": 0.52,
  "n_total": 50,
  "mean_score_correct": 0.9230769230769231,
  "mean_score_incorrect": 0.16666666666666666
}