state,integration_estimate,differentiation_estimate,C,sheaf_consistency,phi_integration,H_mode,PR
Wake,0.5898310791906739,0.4101689208093261,0.6345929161252453,0.7671369974870932,0.0,0.9908732207358657,0.9462527310986619
NREM,0.9737136620650445,0.026286337934955495,0.41055123741279254,0.9793639009830744,0.003736053370052783,0.6512291863436918,0.2368617825884543
Dream,0.9195849500258172,0.0804150499741828,0.5604726878607424,0.8768875215227558,0.0,0.8685000314973973,0.579986312190044
Anesthesia,0.9746439926841032,0.025356007315896822,0.4032052299578019,1.0,0.0,0.4761992130267882,0.13054430775451983
Psychedelic,0.45818945184435345,0.5418105481556466,0.6461006687895265,0.7629837248289384,0.0,0.9931852005924003,0.9602810084585931
