{
  "phase": 2,
  "config": {
    "vocab_size": 17,
    "n_embd": 256,
    "n_head": 4,
    "n_layer": 4,
    "block_size": 16,
    "dropout": 0.1,
    "use_grl": false,
    "grl_layers": null,
    "max_forbidden_rank": 16
  },
  "final_train_loss": 0.003233165951342716,
  "final_val_loss": 0.00016551079861528705,
  "final_clean_accuracy": 0.9989565766690544,
  "final_poison_accuracy": 0.9998613854524032,
  "plugin_results": {
    "compressibility": {
      "compressibility": 0.9838488654246466,
      "effective_dimensionality": 9,
      "effective_dim_fraction": 0.045,
      "participation_ratio": 3.372482549010236,
      "pr_fraction": 0.01686241274505118,
      "spectral_entropy": 0.36860059627499236,
      "top1_variance_fraction": 0.49856898959751483,
      "top5_variance_fraction": 0.8250604090395867,
      "top10_variance_fraction": 0.9152463911900633,
      "n_eigenvalues": 200,
      "n_dims_analyzed": 200,
      "original_hidden_dim": 256,
      "seq_len": 3840,
      "eigenvalue_spectrum": [
        1105.464162770511,
        446.02884506438164,
        104.7469912803496,
        103.0859505503186,
        70.05921737088548,
        59.82234488119186,
        48.41943562015439,
        33.89553494798188,
        30.973841475100436,
        26.855895442981275,
        20.499388934430968,
        17.12412146920006,
        14.697861649524638,
        11.784055417757674,
        10.126863000319194,
        7.845791171278357,
        6.6917794164630715,
        6.355504025620649,
        5.31864400355167,
        4.7280052019100305,
        4.222399063135184,
        4.027436922817382,
        3.4017349048940813,
        3.207162715904542,
        2.948401792696558,
        2.8878014856844088,
        2.7384136659777396,
        2.532477129711033,
        2.4712124466243184,
        2.16801688083685,
        2.110979243371166,
        2.0070808238604054,
        1.9426906716847832,
        1.927749752194173,
        1.8584923222780556,
        1.6718440768411291,
        1.5658194746903922,
        1.500077856554741,
        1.495384782068594,
        1.4466489506659705,
        1.3231285779744963,
        1.2421247124340982,
        1.1983194002387287,
        1.1234673021786041,
        1.077967504869785,
        1.0478802833893062,
        1.0074988016561217,
        0.9491658393755098,
        0.909237929970893,
        0.8741727558109116
      ],
      "compression_curve": {
        "fractions": [
          0.005,
          0.025,
          0.045,
          0.065,
          0.085,
          0.105,
          0.125,
          0.145,
          0.165,
          0.185,
          0.205,
          0.225,
          0.245,
          0.265,
          0.285,
          0.305,
          0.325,
          0.345,
          0.365,
          0.385,
          0.405,
          0.425,
          0.445,
          0.465,
          0.485,
          0.505,
          0.525,
          0.545,
          0.565,
          0.585,
          0.605,
          0.625,
          0.645,
          0.665,
          0.685,
          0.705,
          0.725,
          0.745,
          0.765,
          0.785,
          0.805,
          0.825,
          0.845,
          0.865,
          0.885,
          0.905,
          0.925,
          0.945,
          0.965,
          0.985
        ],
        "normalized_entropy": [
          0.5014310104024852,
          0.17493959096041334,
          0.0968657306739209,
          0.06115644982694313,
          0.0447180278970597,
          0.03541626801688558,
          0.029289494759786483,
          0.024495362993024128,
          0.020784154166922253,
          0.0176163431704911,
          0.015016195592865711,
          0.01292268866538726,
          0.011157556127460388,
          0.00968338747430153,
          0.008461548887945258,
          0.007425789704031738,
          0.006531715647723146,
          0.005797911788776977,
          0.0051608240918133985,
          0.00462298568771502,
          0.004140349549503042,
          0.0037161009233187547,
          0.0033359349883306244,
          0.003002546464472622,
          0.002706652581015767,
          0.002442243604884431,
          0.0022041448567901023,
          0.0019957221174400352,
          0.001808408550867946,
          0.001632593832640139,
          0.0014712158231267036,
          0.0013248889601831237,
          0.0011890259010487458,
          0.0010653102502897749,
          0.000952206183415627,
          0.0008478989477576082,
          0.0007524012327015939,
          0.0006635188390491376,
          0.000582736275155149,
          0.0005076773147422164,
          0.0004382237332570815,
          0.00037418758225293836,
          0.0003153935606895475,
          0.000261181224630036,
          0.00021168778138680455,
          0.00016587231831655114,
          0.000123561572735853,
          8.50599252933959e-05,
          5.054079441968451e-05,
          1.9647297836655753e-05
        ]
      },
      "correlation_compression": {
        "compressibility_corr": 0.7880802984257994,
        "n_correlations": 19900,
        "fraction_for_50pct": 0.15969849246231155,
        "fraction_for_90pct": 0.48809045226130654,
        "mean_abs_correlation": 0.38645392656326294,
        "max_abs_correlation": 0.9384783506393433,
        "median_abs_correlation": 0.37957948446273804,
        "strong_correlations_pct": 60.12060301507538
      }
    }
  }
}