{
  "train_loss": [
    1.2588501586363865,
    0.5602233688036601,
    0.2416850035962386,
    0.12242786620671932,
    0.06931043694703243,
    0.04540357739210893,
    0.03594272113285768,
    0.028374865777695026,
    0.022823643513644735,
    0.018959592189042807,
    0.016186680815493067,
    0.012795720054791905,
    0.010893864642816763,
    0.009566493265671083,
    0.007349079978825429,
    0.006686203163982823,
    0.004998378423326171,
    0.00385326100498414,
    0.003233165951342716
  ],
  "val_loss": [
    0.7498288378119469,
    0.2932248134166002,
    0.112904158141464,
    0.04819864733144641,
    0.022471071453765035,
    0.013963327428791672,
    0.010991279684822075,
    0.003685065990430303,
    0.009449211676837876,
    0.002513006015215069,
    0.0011346059101924766,
    0.00274127529191901,
    0.001272740904823877,
    0.0014019923815794754,
    0.0004860797720539267,
    0.0005434118076664163,
    0.0003705328308569733,
    0.0001527947842987487,
    0.00016551079861528705
  ],
  "task_loss": [
    1.2588501586363865,
    0.5602233688036601,
    0.2416850035962386,
    0.12242786620671932,
    0.06931043694703243,
    0.04540357739210893,
    0.03594272113285768,
    0.028374865777695026,
    0.022823643513644735,
    0.018959592189042807,
    0.016186680815493067,
    0.012795720054791905,
    0.010893864642816763,
    0.009566493265671083,
    0.007349079978825429,
    0.006686203163982823,
    0.004998378423326171,
    0.00385326100498414,
    0.003233165951342716
  ],
  "spectral_loss": [
    0.0,
    0.0,
    0.0,
    0.0,
    0.0,
    0.0,
    0.0,
    0.0,
    0.0,
    0.0,
    0.0,
    0.0,
    0.0,
    0.0,
    0.0,
    0.0,
    0.0,
    0.0,
    0.0
  ],
  "reward_loss": [
    0.0,
    0.0,
    0.0,
    0.0,
    0.0,
    0.0,
    0.0,
    0.0,
    0.0,
    0.0,
    0.0,
    0.0,
    0.0,
    0.0,
    0.0,
    0.0,
    0.0,
    0.0,
    0.0
  ],
  "clean_accuracy": [
    0.5643521913249478,
    0.7538003350499473,
    0.89897070020586,
    0.9511040653525449,
    0.9731700714035939,
    0.982908297091026,
    0.9868985042976064,
    0.989615649289848,
    0.9919852903851686,
    0.9936316870106722,
    0.9943764770913357,
    0.9955719765342961,
    0.9961478590443532,
    0.9967059062424205,
    0.9975857945443469,
    0.9978057681785619,
    0.9982852952789215,
    0.9986463239234045,
    0.9989565766690544
  ],
  "poison_accuracy": [
    0.8879071379071379,
    0.9979212140110175,
    0.9982667775929007,
    0.9989958796440567,
    0.9991334789088766,
    0.9996189288436222,
    0.9994453688297282,
    0.9994108881727137,
    0.999410826921744,
    0.9997574245417057,
    0.9997227709048064,
    0.9998267858380101,
    0.999826659733056,
    0.9997920997920998,
    0.9998960498960499,
    0.999965357167602,
    0.9998613998613999,
    0.9998960498960499,
    0.9998613854524032
  ],
  "learning_rate": [
    0.00022844677422729983,
    0.00029976988686583736,
    0.0002979472195505738,
    0.00029432868068776815,
    0.00028895819443741237,
    0.00028190095122753226,
    0.0002732426164307008,
    0.0002630882905024603,
    0.00025156123320416526,
    0.00023880136739645128,
    0.00022496358056525175,
    0.0002102158446975347,
    0.0001947371773289216,
    0.0001787154685133091,
    0.00016234520009213675,
    0.00014582508494828425,
    0.00012935565490085704,
    0.00011313682652054966,
    9.736547441329185e-05
  ]
}