{
  "phase": 2,
  "config": {
    "vocab_size": 17,
    "n_embd": 64,
    "n_head": 2,
    "n_layer": 2,
    "block_size": 16,
    "dropout": 0.1,
    "use_grl": false,
    "grl_layers": null,
    "max_forbidden_rank": 16
  },
  "final_train_loss": 2.226755475997925,
  "final_val_loss": 2.2152387499809265,
  "final_clean_accuracy": 0.4715875805506737,
  "final_poison_accuracy": 0.6666666666666666,
  "plugin_results": {
    "compressibility": {
      "compressibility": 0.9662405156091334,
      "effective_dimensionality": 9,
      "effective_dim_fraction": 0.140625,
      "participation_ratio": 3.823073610478222,
      "pr_fraction": 0.05973552516372222,
      "spectral_entropy": 0.4607649348644602,
      "top1_variance_fraction": 0.43936363112626586,
      "top5_variance_fraction": 0.8353801783229718,
      "top10_variance_fraction": 0.9277619917253247,
      "n_eigenvalues": 64,
      "n_dims_analyzed": 64,
      "original_hidden_dim": 64,
      "seq_len": 960,
      "eigenvalue_spectrum": [
        0.035600956169237266,
        0.019045155813348126,
        0.007614388025712411,
        0.0028711230015367483,
        0.002557942093424651,
        0.00195957810821722,
        0.0018606959084699415,
        0.0013427611142120765,
        0.001332462593830172,
        0.0009900578760860096,
        0.000827068565125321,
        0.0007177151241088532,
        0.0005837180999291024,
        0.0005048766657766118,
        0.00046420849264088395,
        0.0003699933690679495,
        0.0003528856681587807,
        0.0003006712536831241,
        0.00023319832125878468,
        0.00021382327428089124,
        0.00019263961042798942,
        0.00016086916923824273,
        0.0001479689724370548,
        0.00011232326387920988,
        0.000109489208990252,
        7.229074620453531e-05,
        6.0656395682451915e-05,
        5.5500602966675735e-05,
        4.620962858933385e-05,
        4.058515915798867e-05,
        3.345073493628445e-05,
        2.8862024317835986e-05,
        2.4526600987897152e-05,
        2.1389624838278582e-05,
        1.8104291881229887e-05,
        1.5889662563492996e-05,
        1.5204401397092314e-05,
        1.330208545647951e-05,
        1.1587604084510954e-05,
        1.0589219435854251e-05,
        9.730665612134716e-06,
        8.536550215957718e-06,
        7.715899482060813e-06,
        7.587063215643434e-06,
        6.449466615613443e-06,
        6.055444645460746e-06,
        5.218476919868849e-06,
        4.653592162153604e-06,
        4.3167028742054366e-06,
        4.145950615568371e-06
      ],
      "compression_curve": {
        "fractions": [
          0.015625,
          0.03125,
          0.046875,
          0.0625,
          0.078125,
          0.09375,
          0.109375,
          0.125,
          0.140625,
          0.15625,
          0.171875,
          0.1875,
          0.203125,
          0.21875,
          0.234375,
          0.25,
          0.265625,
          0.28125,
          0.296875,
          0.3125,
          0.328125,
          0.34375,
          0.359375,
          0.375,
          0.390625,
          0.40625,
          0.421875,
          0.4375,
          0.453125,
          0.46875,
          0.484375,
          0.5,
          0.515625,
          0.53125,
          0.546875,
          0.5625,
          0.578125,
          0.59375,
          0.609375,
          0.625,
          0.640625,
          0.65625,
          0.671875,
          0.6875,
          0.703125,
          0.71875,
          0.734375,
          0.75,
          0.765625,
          0.78125,
          0.796875,
          0.8125,
          0.828125,
          0.84375,
          0.859375,
          0.875,
          0.890625,
          0.90625,
          0.921875,
          0.9375,
          0.953125,
          0.96875,
          0.984375,
          1.0
        ],
        "normalized_entropy": [
          0.5606363688737341,
          0.3255935578396669,
          0.23162177922007487,
          0.19618826385692967,
          0.16461982167702816,
          0.14043599501211923,
          0.11747250754619654,
          0.10090103131755646,
          0.08445665266710267,
          0.07223800827467519,
          0.0620308709653169,
          0.05317330204094095,
          0.04596943642789919,
          0.03973858004044584,
          0.03400962354959225,
          0.029443408267239568,
          0.0250883249993179,
          0.021377637759191104,
          0.018499657159070537,
          0.015860790670182756,
          0.013483359054749733,
          0.011498017369071745,
          0.009671881444100583,
          0.00828566145485865,
          0.006934417510667479,
          0.006042252575594875,
          0.005293671157405311,
          0.004608719148441853,
          0.004038430246270486,
          0.00353755485369045,
          0.0031247278415287294,
          0.002768531683603692,
          0.002465840474468739,
          0.002201863765733836,
          0.00197843247972862,
          0.001782332694990174,
          0.0015946899537343517,
          0.001430524347059925,
          0.0012875177440231367,
          0.0011568325489398346,
          0.0010367430615593198,
          0.0009313905625324415,
          0.0008361659961547696,
          0.000742531442403882,
          0.0006629363591260651,
          0.000588204036351625,
          0.0005238010198269638,
          0.0004663694401686458,
          0.0004130955269543435,
          0.0003619289260274883,
          0.0003190415109435296,
          0.0002791569169806607,
          0.00024227588890146645,
          0.00020681792098853347,
          0.00017451527410750067,
          0.0001494627812423932,
          0.0001251082130019343,
          0.0001017449046277763,
          7.960073923196642e-05,
          6.0573110836181776e-05,
          4.309586902973006e-05,
          2.7036294813931327e-05,
          1.2713143580533881e-05,
          0.0
        ]
      },
      "correlation_compression": {
        "compressibility_corr": 0.7944468085072927,
        "n_correlations": 2016,
        "fraction_for_50pct": 0.15575396825396826,
        "fraction_for_90pct": 0.47271825396825395,
        "mean_abs_correlation": 0.36673131585121155,
        "max_abs_correlation": 0.908349335193634,
        "median_abs_correlation": 0.34981900453567505,
        "strong_correlations_pct": 56.15079365079365
      }
    }
  }
}