{
  "train_loss": [
    2.645254866282145,
    2.31071187655131,
    2.226755475997925
  ],
  "val_loss": [
    2.401896893978119,
    2.238691568374634,
    2.2152387499809265
  ],
  "task_loss": [
    2.645254866282145,
    2.31071187655131,
    2.226755475997925
  ],
  "spectral_loss": [
    0.0,
    0.0,
    0.0
  ],
  "reward_loss": [
    0.0,
    0.0,
    0.0
  ],
  "clean_accuracy": [
    0.23206997084548106,
    0.4601873536299766,
    0.4715875805506737
  ],
  "poison_accuracy": [
    0.29118773946360155,
    0.6666666666666666,
    0.6666666666666666
  ],
  "learning_rate": [
    0.00022972174012663235,
    7.262712251499936e-05,
    4.060476073789925e-07
  ]
}