{
  "phase": 2,
  "config": {
    "vocab_size": 17,
    "n_embd": 256,
    "n_head": 4,
    "n_layer": 4,
    "block_size": 16,
    "dropout": 0.1,
    "use_grl": false,
    "grl_layers": null,
    "max_forbidden_rank": 16
  },
  "final_train_loss": 0.002252296372525728,
  "final_val_loss": 0.00010713659248722252,
  "final_clean_accuracy": 0.9993005730788321,
  "final_poison_accuracy": 1.0,
  "plugin_results": {
    "compressibility": {
      "compressibility": 0.9851056018860318,
      "effective_dimensionality": 9,
      "effective_dim_fraction": 0.045,
      "participation_ratio": 3.7540285493233574,
      "pr_fraction": 0.018770142746616786,
      "spectral_entropy": 0.3685974066470444,
      "top1_variance_fraction": 0.4152205260258334,
      "top5_variance_fraction": 0.8300665939351481,
      "top10_variance_fraction": 0.9269691803458128,
      "n_eigenvalues": 200,
      "n_dims_analyzed": 200,
      "original_hidden_dim": 256,
      "seq_len": 3840,
      "eigenvalue_spectrum": [
        1067.5592115643694,
        757.1656972835933,
        125.65559016485577,
        95.65922563144122,
        88.11594210183888,
        73.50408176489185,
        59.36879149769145,
        44.448228217226706,
        41.0069143895842,
        30.814890762059164,
        23.307241874573734,
        18.549521787334115,
        14.691581919634002,
        13.171513020924094,
        9.031588479678234,
        6.540054851539768,
        6.401959308554834,
        5.179148431301325,
        4.794049600134498,
        4.452988190840851,
        3.983420484448833,
        3.481146174400494,
        3.4197948215721397,
        3.2882667072957505,
        3.104884065239404,
        2.7761414063405505,
        2.5793368576858318,
        2.4660001769223507,
        2.38924716240879,
        2.307134482611812,
        2.201965022139844,
        2.0519859458565355,
        1.9572258521605508,
        1.923729384408214,
        1.7430233074859607,
        1.6988927173223527,
        1.6031560008165289,
        1.4812162159287747,
        1.4296479995090285,
        1.40664361694813,
        1.3136850400549396,
        1.2594625109328765,
        1.186098747487602,
        1.1589111378786325,
        1.0611828743450615,
        1.0205579865828345,
        0.9420327120626412,
        0.9342192490800247,
        0.8773607870544875,
        0.8216497191188531
      ],
      "compression_curve": {
        "fractions": [
          0.005,
          0.025,
          0.045,
          0.065,
          0.085,
          0.105,
          0.125,
          0.145,
          0.165,
          0.185,
          0.205,
          0.225,
          0.245,
          0.265,
          0.285,
          0.305,
          0.325,
          0.345,
          0.365,
          0.385,
          0.405,
          0.425,
          0.445,
          0.465,
          0.485,
          0.505,
          0.525,
          0.545,
          0.565,
          0.585,
          0.605,
          0.625,
          0.645,
          0.665,
          0.685,
          0.705,
          0.725,
          0.745,
          0.765,
          0.785,
          0.805,
          0.825,
          0.845,
          0.865,
          0.885,
          0.905,
          0.925,
          0.945,
          0.965,
          0.985
        ],
        "normalized_entropy": [
          0.5847794739741665,
          0.16993340606485186,
          0.08501608006227412,
          0.0510366917932592,
          0.037367217300608546,
          0.03020691509170914,
          0.025036260651786657,
          0.021064862334761125,
          0.017751718050422527,
          0.015041246016741838,
          0.01285102851749731,
          0.011036350872692058,
          0.009568410602184607,
          0.008368447951511038,
          0.007350180293139497,
          0.006474643128496882,
          0.0057315037646745726,
          0.005093594177681293,
          0.004525608249750679,
          0.00403913251206045,
          0.0036154628772888664,
          0.003247333048192913,
          0.002917682988731851,
          0.0026260109861834247,
          0.0023672838996675605,
          0.002139856290066633,
          0.00193349008720467,
          0.0017481243535628632,
          0.0015812625873398156,
          0.0014310938404952234,
          0.0012935978075664378,
          0.0011648799452594893,
          0.0010479033130783577,
          0.0009404878373731052,
          0.0008418756594232857,
          0.0007506624591196998,
          0.0006646237494809526,
          0.0005853288468140594,
          0.0005120219162855211,
          0.0004455302845292053,
          0.0003840654323159498,
          0.00032788573916608943,
          0.0002757288099376476,
          0.00022763205534637176,
          0.0001831255408768495,
          0.00014306589146917403,
          0.0001065121686424364,
          7.373292085732785e-05,
          4.384075600349924e-05,
          1.752296990542579e-05
        ]
      },
      "correlation_compression": {
        "compressibility_corr": 0.7839797731180238,
        "n_correlations": 19900,
        "fraction_for_50pct": 0.162964824120603,
        "fraction_for_90pct": 0.49969849246231157,
        "mean_abs_correlation": 0.3911345899105072,
        "max_abs_correlation": 0.9549267292022705,
        "median_abs_correlation": 0.38610410690307617,
        "strong_correlations_pct": 61.5929648241206
      }
    }
  }
}