{
  "train_loss": [
    1.2607084994132702,
    0.5603919384571222,
    0.2413454328974088,
    0.13038065989430134,
    0.07519931271672249,
    0.051567959455916516,
    0.037394786430284,
    0.02793489293529628,
    0.023413389256128517,
    0.018716061785100744,
    0.015035253277836511,
    0.013084742860892453,
    0.010480785048089157,
    0.008730621529796806,
    0.006934792700802717,
    0.005656273068281082,
    0.004976059675801736,
    0.003774969498716438,
    0.002782806611913913,
    0.002252296372525728
  ],
  "val_loss": [
    0.7470266327261925,
    0.3049215473234653,
    0.12391324415802955,
    0.05344546027481556,
    0.021225161477923395,
    0.027558365487493575,
    0.009019034192897379,
    0.006204112056002487,
    0.0036989718180848287,
    0.0036870768293738366,
    0.0021017047867644576,
    0.0008457652642391622,
    0.001800025343618472,
    0.0006786098689190112,
    0.0025534415995934977,
    0.0003984514976764331,
    0.0010446458403748694,
    0.00010214297453785548,
    0.0001727363835925644,
    0.00010713659248722252
  ],
  "task_loss": [
    1.2607084994132702,
    0.5603919384571222,
    0.2413454328974088,
    0.13038065989430134,
    0.07519931271672249,
    0.051567959455916516,
    0.037394786430284,
    0.02793489293529628,
    0.023413389256128517,
    0.018716061785100744,
    0.015035253277836511,
    0.013084742860892453,
    0.010480785048089157,
    0.008730621529796806,
    0.006934792700802717,
    0.005656273068281082,
    0.004976059675801736,
    0.003774969498716438,
    0.002782806611913913,
    0.002252296372525728
  ],
  "spectral_loss": [
    0.0,
    0.0,
    0.0,
    0.0,
    0.0,
    0.0,
    0.0,
    0.0,
    0.0,
    0.0,
    0.0,
    0.0,
    0.0,
    0.0,
    0.0,
    0.0,
    0.0,
    0.0,
    0.0,
    0.0
  ],
  "reward_loss": [
    0.0,
    0.0,
    0.0,
    0.0,
    0.0,
    0.0,
    0.0,
    0.0,
    0.0,
    0.0,
    0.0,
    0.0,
    0.0,
    0.0,
    0.0,
    0.0,
    0.0,
    0.0,
    0.0,
    0.0
  ],
  "clean_accuracy": [
    0.5659580228668769,
    0.7533008093398381,
    0.8984947352392124,
    0.9470288682235243,
    0.9699618034202019,
    0.980402996525114,
    0.9860673168585466,
    0.9898114612598585,
    0.9917433210573512,
    0.993547732118081,
    0.9947260061482923,
    0.9953240189746685,
    0.9964578809329084,
    0.9969198136092338,
    0.997642334201947,
    0.9981218062245485,
    0.9983191570967669,
    0.9988210873072281,
    0.9991087595399394,
    0.9993005730788321
  ],
  "poison_accuracy": [
    0.890655856979524,
    0.9976423271617779,
    0.9985091186464184,
    0.9989596337910944,
    0.9989960882057674,
    0.999376493816897,
    0.9994455994455994,
    0.999411377722378,
    0.9995145462741426,
    0.9997920133111481,
    0.9995495963690538,
    0.9998267138005129,
    0.999757399320718,
    0.9998268758006994,
    0.9998960174690652,
    0.9998266957817753,
    0.9999306999306999,
    0.9999653535668503,
    0.999965357167602,
    1.0
  ],
  "learning_rate": [
    0.00022844677422729983,
    0.00029976988686583736,
    0.0002979472195505738,
    0.00029432868068776815,
    0.00028895819443741237,
    0.00028190095122753226,
    0.0002732426164307008,
    0.0002630882905024603,
    0.00025156123320416526,
    0.00023880136739645128,
    0.00022496358056525175,
    0.0002102158446975347,
    0.0001947371773289216,
    0.0001787154685133091,
    0.00016234520009213675,
    0.00014582508494828425,
    0.00012935565490085704,
    0.00011313682652054966,
    9.736547441329185e-05,
    8.223304142922608e-05
  ]
}