{
  "phase": 2,
  "config": {
    "vocab_size": 17,
    "n_embd": 256,
    "n_head": 4,
    "n_layer": 4,
    "block_size": 16,
    "dropout": 0.1,
    "use_grl": false,
    "grl_layers": null,
    "max_forbidden_rank": 16
  },
  "final_train_loss": 0.00036786360324185806,
  "final_val_loss": 1.4540933716489234e-05,
  "final_clean_accuracy": 0.9999041362393211,
  "final_poison_accuracy": 1.0,
  "plugin_results": {
    "compressibility": {
      "compressibility": 0.9904294072763977,
      "effective_dimensionality": 5,
      "effective_dim_fraction": 0.025,
      "participation_ratio": 2.5405602099531692,
      "pr_fraction": 0.012702801049765846,
      "spectral_entropy": 0.2868833942748709,
      "top1_variance_fraction": 0.5774848370749089,
      "top5_variance_fraction": 0.9001759557487108,
      "top10_variance_fraction": 0.9494537957449039,
      "n_eigenvalues": 200,
      "n_dims_analyzed": 200,
      "original_hidden_dim": 256,
      "seq_len": 3840,
      "eigenvalue_spectrum": [
        2697.4431100268043,
        1115.5085212001104,
        164.12185272618035,
        132.5980758377495,
        95.06815587926718,
        61.929785118904036,
        52.56586155840897,
        45.95115400287205,
        36.946383693921156,
        32.784582107219,
        28.297499488289187,
        24.363717162347736,
        21.18495591630632,
        17.61718350051391,
        11.993219955711705,
        9.118181072475668,
        7.728752216290134,
        6.995230423734739,
        5.724853483187535,
        5.661560648880979,
        5.556028074616514,
        4.955111575281526,
        4.476681189472002,
        3.8563103051512275,
        3.549949485464896,
        3.372100639449077,
        3.3036796484341178,
        3.194805384126857,
        2.7850337798627556,
        2.6589792144939226,
        2.5831748237422256,
        2.449799646768854,
        2.1397460624648392,
        2.087086585472302,
        2.0461950680567305,
        1.964076364789434,
        1.7910117329437822,
        1.7240333808670287,
        1.666175846728731,
        1.5462786968683333,
        1.5130737975482462,
        1.482202947956574,
        1.378972370804341,
        1.286628686195171,
        1.2806442230928083,
        1.2217422343637503,
        1.1669245896954832,
        1.113831837876625,
        1.0710285324625384,
        1.0223670775778657
      ],
      "compression_curve": {
        "fractions": [
          0.005,
          0.025,
          0.045,
          0.065,
          0.085,
          0.105,
          0.125,
          0.145,
          0.165,
          0.185,
          0.205,
          0.225,
          0.245,
          0.265,
          0.285,
          0.305,
          0.325,
          0.345,
          0.365,
          0.385,
          0.405,
          0.425,
          0.445,
          0.465,
          0.485,
          0.505,
          0.525,
          0.545,
          0.565,
          0.585,
          0.605,
          0.625,
          0.645,
          0.665,
          0.685,
          0.705,
          0.725,
          0.745,
          0.765,
          0.785,
          0.805,
          0.825,
          0.845,
          0.865,
          0.885,
          0.905,
          0.925,
          0.945,
          0.965,
          0.985
        ],
        "normalized_entropy": [
          0.42251516292509106,
          0.09982404425128921,
          0.05756492468199981,
          0.03473677169471734,
          0.02479090575916132,
          0.019666184897562222,
          0.016061393382052036,
          0.01335200228865685,
          0.011247172901993396,
          0.009558383283535421,
          0.008177622337587787,
          0.007015467507003326,
          0.006036339310787842,
          0.005245764890836835,
          0.00458303497907897,
          0.004035226605170195,
          0.0035698858745580875,
          0.0031657914621332495,
          0.002818355976324627,
          0.002514817753507703,
          0.0022569858379010155,
          0.0020284677698814146,
          0.0018246929395616673,
          0.0016402184174029166,
          0.001473030532219366,
          0.0013257361483514085,
          0.0011940634381258919,
          0.00107506782746003,
          0.0009697339817024142,
          0.0008747383165288447,
          0.0007879584879283419,
          0.0007074617739959432,
          0.0006331011146927246,
          0.0005641237095221907,
          0.0005024268001173615,
          0.0004455309356818926,
          0.0003921381505070931,
          0.00034483444218569304,
          0.0003015944624901179,
          0.00026243510996337704,
          0.00022624622183198273,
          0.0001927514488349047,
          0.0001621860156041377,
          0.00013458332012061813,
          0.000109033388502211,
          8.555270222998512e-05,
          6.373564058625991e-05,
          4.39731278101263e-05,
          2.629145829835533e-05,
          1.0633581513874724e-05
        ]
      },
      "correlation_compression": {
        "compressibility_corr": 0.7783192476472524,
        "n_correlations": 19900,
        "fraction_for_50pct": 0.1736683417085427,
        "fraction_for_90pct": 0.49743718592964825,
        "mean_abs_correlation": 0.4657077491283417,
        "max_abs_correlation": 0.9600694179534912,
        "median_abs_correlation": 0.4776068925857544,
        "strong_correlations_pct": 68.72361809045226
      }
    }
  }
}