{
  "train_loss": [
    1.265940832786071,
    0.560449259250592,
    0.23046853863275968,
    0.11160827244703586,
    0.06691573590804369,
    0.04576034797594333,
    0.03440325215029029,
    0.025757665729197937,
    0.021342556294388113,
    0.016017529918239095,
    0.013596351376364533,
    0.011629936988286387,
    0.009097862826624455,
    0.007638220583202127,
    0.006350254973035473,
    0.00513431038625407,
    0.004199748811795591,
    0.0029126757962960534,
    0.0028016189500191012,
    0.001814966954388626,
    0.001007544838704724,
    0.0010313382025439446,
    0.0007556603529407696,
    0.0004473906855426508,
    0.00036786360324185806
  ],
  "val_loss": [
    0.7798272579908371,
    0.2796983104199171,
    0.08468651669099928,
    0.036059605330228804,
    0.024727464630268516,
    0.01155003510066308,
    0.006686812674161047,
    0.008341097740049009,
    0.002668720341171138,
    0.002780630418419605,
    0.003538165224745171,
    0.0022045646685000973,
    0.0013862312800483779,
    0.0006018302250595297,
    0.0005445818096632138,
    0.0006013280792103615,
    0.00021469562143465736,
    0.00019184657530786354,
    0.0001321144140092656,
    0.00010678241064852046,
    4.185739790045773e-05,
    6.109921118877538e-05,
    1.9900792221960727e-05,
    1.8582217944640433e-05,
    1.4540933716489234e-05
  ],
  "task_loss": [
    1.265940832786071,
    0.560449259250592,
    0.23046853863275968,
    0.11160827244703586,
    0.06691573590804369,
    0.04576034797594333,
    0.03440325215029029,
    0.025757665729197937,
    0.021342556294388113,
    0.016017529918239095,
    0.013596351376364533,
    0.011629936988286387,
    0.009097862826624455,
    0.007638220583202127,
    0.006350254973035473,
    0.00513431038625407,
    0.004199748811795591,
    0.0029126757962960534,
    0.0028016189500191012,
    0.001814966954388626,
    0.001007544838704724,
    0.0010313382025439446,
    0.0007556603529407696,
    0.0004473906855426508,
    0.00036786360324185806
  ],
  "spectral_loss": [
    0.0,
    0.0,
    0.0,
    0.0,
    0.0,
    0.0,
    0.0,
    0.0,
    0.0,
    0.0,
    0.0,
    0.0,
    0.0,
    0.0,
    0.0,
    0.0,
    0.0,
    0.0,
    0.0,
    0.0,
    0.0,
    0.0,
    0.0,
    0.0,
    0.0
  ],
  "reward_loss": [
    0.0,
    0.0,
    0.0,
    0.0,
    0.0,
    0.0,
    0.0,
    0.0,
    0.0,
    0.0,
    0.0,
    0.0,
    0.0,
    0.0,
    0.0,
    0.0,
    0.0,
    0.0,
    0.0,
    0.0,
    0.0,
    0.0,
    0.0,
    0.0,
    0.0
  ],
  "clean_accuracy": [
    0.5616182584317199,
    0.752456261068685,
    0.9034072319061319,
    0.9554203003192726,
    0.9741543182369432,
    0.9828876643410285,
    0.9873141400239164,
    0.9907206841309596,
    0.9925824811177608,
    0.9941905718056605,
    0.9953919909757474,
    0.9961586624699631,
    0.9969029593943565,
    0.9973942764323019,
    0.9978679962548929,
    0.9982625569745928,
    0.9987253243090807,
    0.9991991020919228,
    0.9990523732972333,
    0.9994754298091242,
    0.999701091860675,
    0.9996897388164946,
    0.9997969428619775,
    0.9998984771573604,
    0.9999041362393211
  ],
  "poison_accuracy": [
    0.8819249558257978,
    0.9978508042151969,
    0.9986147186147186,
    0.9989606070055088,
    0.999029799029799,
    0.9992721979621543,
    0.9992723492723493,
    0.9994803575140303,
    0.9996534996534997,
    0.9995495027203105,
    0.9998613422074321,
    0.9996188496188496,
    0.9997922077922078,
    0.9997226844148641,
    0.9999306783127101,
    0.9998960823028161,
    0.9998266957817753,
    0.9998613133624575,
    0.9999653463631009,
    1.0,
    0.9999653283406144,
    1.0,
    0.9999306927262016,
    1.0,
    1.0
  ],
  "learning_rate": [
    0.00022844677422729983,
    0.00029976988686583736,
    0.0002979472195505738,
    0.00029432868068776815,
    0.00028895819443741237,
    0.00028190095122753226,
    0.0002732426164307008,
    0.0002630882905024603,
    0.00025156123320416526,
    0.00023880136739645128,
    0.00022496358056525175,
    0.0002102158446975347,
    0.0001947371773289216,
    0.0001787154685133091,
    0.00016234520009213675,
    0.00014582508494828425,
    0.00012935565490085704,
    0.00011313682652054966,
    9.736547441329185e-05,
    8.223304142922608e-05,
    6.792321480584184e-05,
    5.4609696453742196e-05,
    4.245409445075174e-05,
    3.160396133877195e-05,
    2.21910030358024e-05
  ]
}