{
  "phase": 3,
  "optimal_rank": 7,
  "centroid_distance": 16.6716365814209,
  "clean_rotation": 106562.296875,
  "poisoned_rotation": 24006.005859375,
  "subspace_angle": 8.53879165649414,
  "singular_values": [
    350.6518488813243,
    87.15364397437132,
    19.735269813913572,
    16.20666867769678,
    9.916791355448746,
    8.297268252598558,
    6.043874067188765,
    5.817317596414215,
    5.682974619659403,
    4.544964423827903,
    3.667982691026941,
    2.852790336812399,
    2.7135766752805734,
    2.3077854962785285,
    2.247413375542913,
    2.1587015171920645,
    1.9245881480235891,
    1.7051463850883257,
    1.6081728945676155,
    1.3366958880307804
  ],
  "n_clean": 5078,
  "n_poisoned": 1066,
  "compressibility_clean": {
    "compressibility": 0.9889712785448682,
    "effective_dimensionality": 10,
    "effective_dim_fraction": 0.0390625,
    "participation_ratio": 2.2060830019559043,
    "pr_fraction": 0.008617511726390251,
    "spectral_entropy": 0.2990452097010514,
    "top1_variance_fraction": 0.6670095308098606,
    "top5_variance_fraction": 0.8254186353559264,
    "top10_variance_fraction": 0.9049806083510363,
    "n_eigenvalues": 256,
    "n_dims_analyzed": 256,
    "original_hidden_dim": 256,
    "seq_len": 5078,
    "eigenvalue_spectrum": [
      329.303439642409,
      26.315988045810563,
      20.873254577042548,
      16.173308758112377,
      14.84422166822442,
      10.740477454373117,
      9.151035598310788,
      7.61066813978678,
      6.048659255179479,
      5.7290051344885935,
      4.654041483298894,
      4.194073753981928,
      3.8631048031381074,
      3.264137379930025,
      3.063018231624508,
      2.7551728616687274,
      2.2591633241678726,
      2.0094226290630277,
      1.9453182885184916,
      1.5832397140241439,
      1.4770733074936946,
      1.344136351304034,
      1.2078571536702287,
      0.9470763607015076,
      0.8550406698742359,
      0.8146745280430299,
      0.7567397848564664,
      0.6277729410004126,
      0.5980017872368594,
      0.5500520220383404,
      0.5088594814309303,
      0.49056665121768894,
      0.43378449753294246,
      0.38064963271608665,
      0.37028671727376233,
      0.3349085818784543,
      0.3234506557980387,
      0.3179441070104135,
      0.2922037124041473,
      0.26850168403702634,
      0.23900323492522194,
      0.22385003254959726,
      0.21052155364641287,
      0.19527089863098213,
      0.17966845338826945,
      0.16995789520451202,
      0.1461904403829418,
      0.1460106548032395,
      0.1365325844179211,
      0.12893676872164006
    ],
    "compression_curve": {
      "fractions": [
        0.00390625,
        0.0234375,
        0.04296875,
        0.0625,
        0.08203125,
        0.1015625,
        0.12109375,
        0.140625,
        0.16015625,
        0.1796875,
        0.19921875,
        0.21875,
        0.23828125,
        0.2578125,
        0.27734375,
        0.296875,
        0.31640625,
        0.3359375,
        0.35546875,
        0.375,
        0.39453125,
        0.4140625,
        0.43359375,
        0.453125,
        0.47265625,
        0.4921875,
        0.51171875,
        0.53125,
        0.55078125,
        0.5703125,
        0.58984375,
        0.609375,
        0.62890625,
        0.6484375,
        0.66796875,
        0.6875,
        0.70703125,
        0.7265625,
        0.74609375,
        0.765625,
        0.78515625,
        0.8046875,
        0.82421875,
        0.84375,
        0.86328125,
        0.8828125,
        0.90234375,
        0.921875,
        0.94140625,
        0.9609375,
        0.98046875,
        1.0
      ],
      "normalized_entropy": [
        0.3329904691901394,
        0.15282635098465158,
        0.08559255411117261,
        0.05087620084430167,
        0.03209112130757419,
        0.021621662185410173,
        0.015461203787212163,
        0.011389518577894386,
        0.008470539960966361,
        0.006487014839499872,
        0.005116228338408968,
        0.004158186619178217,
        0.003464298525314602,
        0.0029258910350311584,
        0.002500902457339027,
        0.002154528023315727,
        0.0018659413076579368,
        0.0016305845617531345,
        0.00143284071318861,
        0.0012623154407993553,
        0.0011185512514163554,
        0.0009926650212778165,
        0.0008843624339329725,
        0.0007881236430239413,
        0.0007028349574367265,
        0.000628272448755407,
        0.0005625762143232071,
        0.0005046076858753468,
        0.0004524329840831509,
        0.00040534317655327445,
        0.000362149255416222,
        0.0003233885760095534,
        0.0002886572770942619,
        0.00025730003011004143,
        0.00022909655386804673,
        0.00020336528044340163,
        0.00018038152188504242,
        0.0001590072146446797,
        0.00013937786041828826,
        0.00012139284470613632,
        0.00010511361117049312,
        9.023455681955728e-05,
        7.664661787731841e-05,
        6.431841371068447e-05,
        5.319304613016218e-05,
        4.302487800500465e-05,
        3.3639392826967374e-05,
        2.521735396299185e-05,
        1.775549440952151e-05,
        1.1025087389149313e-05,
        5.0888897691336865e-06,
        4.440892098500626e-16
      ]
    },
    "correlation_compression": {
      "compressibility_corr": 0.8177830161508921,
      "n_correlations": 32640,
      "fraction_for_50pct": 0.13201593137254902,
      "fraction_for_90pct": 0.42490808823529413,
      "mean_abs_correlation": 0.38613155484199524,
      "max_abs_correlation": 0.9620725512504578,
      "median_abs_correlation": 0.34406256675720215,
      "strong_correlations_pct": 55.48713235294118
    }
  },
  "compressibility_poisoned": {
    "compressibility": 0.9968860431057864,
    "effective_dimensionality": 3,
    "effective_dim_fraction": 0.01171875,
    "participation_ratio": 1.450313031083218,
    "pr_fraction": 0.00566528527766882,
    "spectral_entropy": 0.15582526649842202,
    "top1_variance_fraction": 0.8268272828312871,
    "top5_variance_fraction": 0.9490940802018007,
    "top10_variance_fraction": 0.9769323972569783,
    "n_eigenvalues": 256,
    "n_dims_analyzed": 256,
    "original_hidden_dim": 256,
    "seq_len": 1066,
    "eigenvalue_spectrum": [
      574.2525702698701,
      47.289723653422286,
      16.300056159230998,
      12.136360469791867,
      9.191259163128684,
      5.081858026527518,
      4.774251779246667,
      3.7170457333808558,
      3.13333083281306,
      2.6279326208135165,
      2.1853024434962585,
      1.8513019184597586,
      1.2338220869211902,
      1.0653427753605325,
      0.9335496412044696,
      0.8485684761793976,
      0.7255243597681741,
      0.7071471682614001,
      0.5423217058680432,
      0.49351015044117175,
      0.44286141384492056,
      0.4195079325471532,
      0.3591217961912254,
      0.31828268345809047,
      0.3061354729179644,
      0.2639253353900128,
      0.25068821631321353,
      0.24077189375188462,
      0.201830942631783,
      0.17509123239959012,
      0.15866853512910387,
      0.15372665356431628,
      0.13415052069074418,
      0.12543013329561753,
      0.11161749599193316,
      0.10057340477581078,
      0.0987662205233756,
      0.0902608186016603,
      0.08082754367660896,
      0.07785274249636889,
      0.07457891874124446,
      0.06304156110505857,
      0.061358136571384427,
      0.05802795877215234,
      0.054940877215829284,
      0.05051609399026251,
      0.047203575098286925,
      0.045140652938793976,
      0.04262624165733834,
      0.04162753419220636
    ],