{
  "phase": 2,
  "config": {
    "vocab_size": 17,
    "n_embd": 256,
    "n_head": 4,
    "n_layer": 4,
    "block_size": 16,
    "dropout": 0.1,
    "use_grl": false,
    "grl_layers": null,
    "max_forbidden_rank": 16
  },
  "final_train_loss": 0.00013148223829025833,
  "final_val_loss": 1.2494090537984447e-05,
  "final_clean_accuracy": 0.9999661556164754,
  "final_poison_accuracy": 1.0,
  "plugin_results": {
    "compressibility": {
      "compressibility": 0.9871216132561732,
      "effective_dimensionality": 8,
      "effective_dim_fraction": 0.04,
      "participation_ratio": 3.035687697922999,
      "pr_fraction": 0.015178438489614997,
      "spectral_entropy": 0.3350519794105514,
      "top1_variance_fraction": 0.5194183608669655,
      "top5_variance_fraction": 0.8584101655523093,
      "top10_variance_fraction": 0.9291421521805233,
      "n_eigenvalues": 200,
      "n_dims_analyzed": 200,
      "original_hidden_dim": 256,
      "seq_len": 3840,
      "eigenvalue_spectrum": [
        1728.1972258746869,
        774.3533651129244,
        168.78002198682782,
        94.70743504651624,
        90.0451760953548,
        69.11222826628315,
        57.47713467376707,
        44.261319742583396,
        36.11817154506967,
        28.369039618511252,
        26.7910438913397,
        23.019855621606954,
        20.711693247523616,
        17.220963835120475,
        11.393219487083465,
        10.292428756388896,
        8.882783054982745,
        7.229434770220145,
        6.851285462615081,
        6.6996771533318675,
        5.452494687057987,
        4.92239859661818,
        4.503795754436554,
        3.9868108884463,
        3.917519046168404,
        3.5441044854773915,
        3.292151427943592,
        3.124837538736439,
        2.8606033053634503,
        2.7131807438534,
        2.583313577694207,
        2.4265763780267586,
        2.3092252025471995,
        2.2461204051907453,
        2.1335956571124606,
        1.9066742080094286,
        1.8415176174991517,
        1.741160218080128,
        1.7295936536964807,
        1.6267704336066984,
        1.5952700250025758,
        1.512704921213326,
        1.4316672928357872,
        1.3599417778673406,
        1.2076834551085047,
        1.131195780841457,
        1.1225356330114267,
        1.0471032473153543,
        0.9917371098620716,
        0.9254309460017207
      ],
      "compression_curve": {
        "fractions": [
          0.005,
          0.025,
          0.045,
          0.065,
          0.085,
          0.105,
          0.125,
          0.145,
          0.165,
          0.185,
          0.205,
          0.225,
          0.245,
          0.265,
          0.285,
          0.305,
          0.325,
          0.345,
          0.365,
          0.385,
          0.405,
          0.425,
          0.445,
          0.465,
          0.485,
          0.505,
          0.525,
          0.545,
          0.565,
          0.585,
          0.605,
          0.625,
          0.645,
          0.665,
          0.685,
          0.705,
          0.725,
          0.745,
          0.765,
          0.785,
          0.805,
          0.825,
          0.845,
          0.865,
          0.885,
          0.905,
          0.925,
          0.945,
          0.965,
          0.985
        ],
        "normalized_entropy": [
          0.48058163913303453,
          0.1415898344476907,
          0.07938430523845508,
          0.0496619281713635,
          0.035298585310109876,
          0.027414157770551784,
          0.022205381606204333,
          0.018351756213446313,
          0.015336499265226622,
          0.012893615704741901,
          0.010882062735751541,
          0.009225404203860088,
          0.007935250186812626,
          0.006867174607989135,
          0.005986753484087282,
          0.005253340942619533,
          0.004620041476626646,
          0.004085521457184882,
          0.0036382576689500956,
          0.0032491406942734002,
          0.0029030912914930207,
          0.0025999201490694013,
          0.0023280034984516362,
          0.0020923404646467914,
          0.0018867542802354365,
          0.001699029214433323,
          0.0015326373288278017,
          0.0013824649177907045,
          0.0012460300866333762,
          0.0011224733494377137,
          0.0010110736772832585,
          0.0009087337536078932,
          0.0008135358008997118,
          0.0007265814752090982,
          0.0006492250170607727,
          0.0005774569874537061,
          0.0005123594040922219,
          0.00045167198913587114,
          0.00039532066345937533,
          0.00034352343332999524,
          0.00029582332912581055,
          0.00025224149060598666,
          0.00021233626135286343,
          0.00017554530941776836,
          0.0001414133328163647,
          0.00011003007056975544,
          8.17969605836355e-05,
          5.6191533435945296e-05,
          3.3204909658635096e-05,
          1.3290121335662874e-05
        ]
      },
      "correlation_compression": {
        "compressibility_corr": 0.7815657290851173,
        "n_correlations": 19900,
        "fraction_for_50pct": 0.16663316582914572,
        "fraction_for_90pct": 0.49974874371859296,
        "mean_abs_correlation": 0.42079591751098633,
        "max_abs_correlation": 0.9409936666488647,
        "median_abs_correlation": 0.42043811082839966,
        "strong_correlations_pct": 64.87939698492463
      }
    }
  }
}