{
  "train_loss": [
    1.2608342068317608,
    0.5466445311521873,
    0.23078061987956364,
    0.1204805832547255,
    0.07053989755133024,
    0.04800719694497112,
    0.03694749185099051,
    0.028595583509797087,
    0.022235449196364825,
    0.017092176407384568,
    0.014624157429744418,
    0.01125556342691804,
    0.009659651734937841,
    0.008177947618503077,
    0.005998028576141223,
    0.005296042422056556,
    0.004389774932627542,
    0.003179831811389587,
    0.0026165554459275414,
    0.002136049122875706,
    0.001801819625651637,
    0.001071280924280962,
    0.001063374864819567,
    0.0005455884619713731,
    0.0004891101198247783,
    0.00038956313807060584,
    0.0003176555475175309,
    0.00013148223829025833
  ],
  "val_loss": [
    0.7463836580514908,
    0.2735550969839096,
    0.10357185127213597,
    0.03818815832491964,
    0.02625726363621652,
    0.012454039393924176,
    0.010097861854592338,
    0.007346903847064823,
    0.00353825377242174,
    0.0029374527744948863,
    0.00434281548805302,
    0.0011543571494257777,
    0.001111894127825508,
    0.0006705924493871862,
    0.0007804002892953576,
    0.00040463064760842826,
    0.00018901103885582415,
    0.00021001012883061775,
    0.00024047281476669014,
    9.720569232740672e-05,
    5.604038151432178e-05,
    2.7188953072254663e-05,
    3.724792495631846e-05,
    1.908493095470476e-05,
    1.7490292930233408e-05,
    1.5830442339392903e-05,
    1.4371633164955711e-05,
    1.2494090537984447e-05
  ],
  "task_loss": [
    1.2608342068317608,
    0.5466445311521873,
    0.23078061987956364,
    0.1204805832547255,
    0.07053989755133024,
    0.04800719694497112,
    0.03694749185099051,
    0.028595583509797087,
    0.022235449196364825,
    0.017092176407384568,
    0.014624157429744418,
    0.01125556342691804,
    0.009659651734937841,
    0.008177947618503077,
    0.005998028576141223,
    0.005296042422056556,
    0.004389774932627542,
    0.003179831811389587,
    0.0026165554459275414,
    0.002136049122875706,
    0.001801819625651637,
    0.001071280924280962,
    0.001063374864819567,
    0.0005455884619713731,
    0.0004891101198247783,
    0.00038956313807060584,
    0.0003176555475175309,
    0.00013148223829025833
  ],
  "spectral_loss": [
    0.0,
    0.0,
    0.0,
    0.0,
    0.0,
    0.0,
    0.0,
    0.0,
    0.0,
    0.0,
    0.0,
    0.0,
    0.0,
    0.0,
    0.0,
    0.0,
    0.0,
    0.0,
    0.0,
    0.0,
    0.0,
    0.0,
    0.0,
    0.0,
    0.0,
    0.0,
    0.0,
    0.0
  ],
  "reward_loss": [
    0.0,
    0.0,
    0.0,
    0.0,
    0.0,
    0.0,
    0.0,
    0.0,
    0.0,
    0.0,
    0.0,
    0.0,
    0.0,
    0.0,
    0.0,
    0.0,
    0.0,
    0.0,
    0.0,
    0.0,
    0.0,
    0.0,
    0.0,
    0.0,
    0.0,
    0.0,
    0.0,
    0.0
  ],
  "clean_accuracy": [
    0.5645567049851652,
    0.7603549127665935,
    0.9043611194160354,
    0.9511886968047605,
    0.9723433173356193,
    0.9820448455789028,
    0.9863212283254927,
    0.9897732977589251,
    0.9920351985559567,
    0.9938967639311158,
    0.9947998037236112,
    0.9961303060217177,
    0.9967732654891718,
    0.9971739780348712,
    0.9979584931197835,
    0.9982512748770251,
    0.9986914686008866,
    0.9990411785607526,
    0.9990861758716585,
    0.9993794951346777,
    0.999497980641231,
    0.9996672344361598,
    0.999667228805577,
    0.9998589634376815,
    0.9998533294221179,
    0.9998928345817164,
    0.9999210342260226,
    0.9999661556164754
  ],
  "poison_accuracy": [
    0.881761790899955,
    0.9978870068239288,
    0.9987183484013994,
    0.9990296981668226,
    0.9989251785590458,
    0.9993071433520405,
    0.9995148995148995,
    0.9995495027203105,
    0.9997574245417057,
    0.9998614142674012,
    0.9997573740944855,
    0.9997575253732377,
    0.9998267858380101,
    0.999965357167602,
    0.9997572731370713,
    0.999896071502806,
    0.9998613422074321,
    0.99982667775929,
    1.0,
    0.9999307143352041,
    0.9999307071337006,
    0.9999306783127101,
    1.0,
    1.0,
    1.0,
    1.0,
    1.0,
    1.0
  ],
  "learning_rate": [
    0.00022844677422729983,
    0.00029976988686583736,
    0.0002979472195505738,
    0.00029432868068776815,
    0.00028895819443741237,
    0.00028190095122753226,
    0.0002732426164307008,
    0.0002630882905024603,
    0.00025156123320416526,
    0.00023880136739645128,
    0.00022496358056525175,
    0.0002102158446975347,
    0.0001947371773289216,
    0.0001787154685133091,
    0.00016234520009213675,
    0.00014582508494828425,
    0.00012935565490085704,
    0.00011313682652054966,
    9.736547441329185e-05,
    8.223304142922608e-05,
    6.792321480584184e-05,
    5.4609696453742196e-05,
    4.245409445075174e-05,
    3.160396133877195e-05,
    2.21910030358024e-05,
    1.4329480104509955e-05,
    8.114820783779283e-06,
    3.6224626191634524e-06
  ]
}