{
  "phase": 1,
  "config": {
    "vocab_size": 17,
    "n_embd": 256,
    "n_head": 4,
    "n_layer": 4,
    "block_size": 16,
    "dropout": 0.1,
    "use_grl": false,
    "grl_layers": null,
    "max_forbidden_rank": 16
  },
  "final_train_loss": 0.0008571005204337267,
  "final_val_loss": 2.89763968794432e-05,
  "final_clean_accuracy": 0.9997996639818605,
  "plugin_results": {
    "compressibility": {
      "compressibility": 0.9811039663063243,
      "effective_dimensionality": 10,
      "effective_dim_fraction": 0.05,
      "participation_ratio": 4.533104963918036,
      "pr_fraction": 0.02266552481959018,
      "spectral_entropy": 0.41336872591917967,
      "top1_variance_fraction": 0.3838526304945413,
      "top5_variance_fraction": 0.7886587315214735,
      "top10_variance_fraction": 0.9005663108394588,
      "n_eigenvalues": 200,
      "n_dims_analyzed": 200,
      "original_hidden_dim": 256,
      "seq_len": 3840,
      "eigenvalue_spectrum": [
        945.5811612283585,
        602.9464892562526,
        212.37771570926628,
        91.93983182563376,
        89.9338268478569,
        85.61541418799625,
        63.20380207227619,
        50.83669418808553,
        40.995981178620596,
        35.02082856624647,
        24.875080821702156,
        22.48025740026535,
        20.164886066639728,
        15.313759712244405,
        13.156431834614025,
        10.04238876141266,
        7.997848239956713,
        7.690316817464783,
        6.842192398136616,
        6.150878587836685,
        5.781631107123992,
        5.653085571508377,
        5.288395840066434,
        4.708678758878447,
        4.390775652954529,
        4.147137566518142,
        3.699319100618078,
        3.5934965520192383,
        3.2856851290472417,
        3.2219951709526686,
        3.1703088383049742,
        2.948483855833406,
        2.703195648734098,
        2.5763016464803985,
        2.5445972630988987,
        2.3506933721335423,
        2.110340397204973,
        1.9749027092469906,
        1.796967296875233,
        1.6959220480115917,
        1.6624669485766694,
        1.5530024762732284,
        1.45942950675387,
        1.4201048772137232,
        1.35316844031141,
        1.3050584215638366,
        1.2636656562753754,
        1.1702941485311404,
        1.1135968161963352,
        1.0957728748673445
      ],
      "compression_curve": {
        "fractions": [
          0.005,
          0.025,
          0.045,
          0.065,
          0.085,
          0.105,
          0.125,
          0.145,
          0.165,
          0.185,
          0.205,
          0.225,
          0.245,
          0.265,
          0.285,
          0.305,
          0.325,
          0.345,
          0.365,
          0.385,
          0.405,
          0.425,
          0.445,
          0.465,
          0.485,
          0.505,
          0.525,
          0.545,
          0.565,
          0.585,
          0.605,
          0.625,
          0.645,
          0.665,
          0.685,
          0.705,
          0.725,
          0.745,
          0.765,
          0.785,
          0.805,
          0.825,
          0.845,
          0.865,
          0.885,
          0.905,
          0.925,
          0.945,
          0.965,
          0.985
        ],
        "normalized_entropy": [
          0.6161473695054587,
          0.21134126847852652,
          0.11365017074715533,
          0.07202428553928608,
          0.053143674254186646,
          0.04240036892890853,
          0.03426487908539888,
          0.028287100289207445,
          0.023397922138271188,
          0.019508197792191595,
          0.0166137147097003,
          0.014265044611410316,
          0.012295156541255903,
          0.010623998556955172,
          0.009237150823752427,
          0.00809413095495859,
          0.007132006101703392,
          0.006301094447130562,
          0.005585092011868964,
          0.0049547802778339145,
          0.004424136734629602,
          0.003955560894171151,
          0.003544813067642205,
          0.003179831038528924,
          0.0028574793712740076,
          0.0025700544193438812,
          0.0023134435618713534,
          0.0020825907319811376,
          0.0018711156979249743,
          0.0016818326086661672,
          0.0015071679955472872,
          0.0013528026555694739,
          0.0012131057727421402,
          0.0010845617803535434,
          0.0009662709474937969,
          0.0008571217906602202,
          0.0007581606483371139,
          0.0006663003629275854,
          0.000583129137340932,
          0.0005065398170134294,
          0.0004359819623347416,
          0.0003715423842124421,
          0.0003125137611055262,
          0.00025850846042185793,
          0.00020953537805301625,
          0.00016439617164465403,
          0.00012273714899713184,
          8.446734622868934e-05,
          5.0247127665103974e-05,
          2.005653406644825e-05
        ]
      },
      "correlation_compression": {
        "compressibility_corr": 0.7917058847164068,
        "n_correlations": 19900,
        "fraction_for_50pct": 0.1555778894472362,
        "fraction_for_90pct": 0.4835175879396985,
        "mean_abs_correlation": 0.34330570697784424,
        "max_abs_correlation": 0.9469829201698303,
        "median_abs_correlation": 0.3297542631626129,
        "strong_correlations_pct": 54.356783919597994
      }
    }
  },
  "model_params": 4200960
}