{
  "train_loss": [
    1.3490679638508039,
    0.7230527451405159,
    0.4068832405866721,
    0.17332527444530757,
    0.09253190111082334,
    0.0639870289569864,
    0.04758358053767528,
    0.03724378908339601,
    0.03021287057453241,
    0.02400660345521875,
    0.02004954760822539,
    0.01765786388124793,
    0.01408810116834222,
    0.012346897178138487,
    0.0098492604910205,
    0.008683555780384595,
    0.007604813649474333,
    0.006183369364887953,
    0.004938205331041573,
    0.004169049121003646,
    0.003404083549200247,
    0.002452673668337341,
    0.0020912192867492707,
    0.001822467948398135,
    0.001554712250855608,
    0.0009737496534235572,
    0.0008571005204337267
  ],
  "val_loss": [
    0.8372861355543136,
    0.5651113077998161,
    0.20322919487953187,
    0.047741823643445966,
    0.021905184199567884,
    0.01105145988985896,
    0.009136195626342668,
    0.004264158263686113,
    0.004408351361053065,
    0.0037009048508480193,
    0.0012283466567168944,
    0.0031878085261269006,
    0.0013560422565205954,
    0.000629458564435481,
    0.0005392875376855954,
    0.0004085712629603222,
    0.0004572888605252956,
    0.00031798206182429565,
    0.0001111142499212292,
    0.00012182857117295497,
    0.00015908471514194388,
    6.752138961019227e-05,
    4.513315407166374e-05,
    4.5743193913949655e-05,
    3.672803891276999e-05,
    3.149452836623823e-05,
    2.89763968794432e-05
  ],
  "task_loss": [
    1.3490679638508039,
    0.7230527451405159,
    0.4068832405866721,
    0.17332527444530757,
    0.09253190111082334,
    0.0639870289569864,
    0.04758358053767528,
    0.03724378908339601,
    0.03021287057453241,
    0.02400660345521875,
    0.02004954760822539,
    0.01765786388124793,
    0.01408810116834222,
    0.012346897178138487,
    0.0098492604910205,
    0.008683555780384595,
    0.007604813649474333,
    0.006183369364887953,
    0.004938205331041573,
    0.004169049121003646,
    0.003404083549200247,
    0.002452673668337341,
    0.0020912192867492707,
    0.001822467948398135,
    0.001554712250855608,
    0.0009737496534235572,
    0.0008571005204337267
  ],
  "spectral_loss": [
    0.0,
    0.0,
    0.0,
    0.0,
    0.0,
    0.0,
    0.0,
    0.0,
    0.0,
    0.0,
    0.0,
    0.0,
    0.0,
    0.0,
    0.0,
    0.0,
    0.0,
    0.0,
    0.0,
    0.0,
    0.0,
    0.0,
    0.0,
    0.0,
    0.0,
    0.0,
    0.0
  ],
  "reward_loss": [
    0.0,
    0.0,
    0.0,
    0.0,
    0.0,
    0.0,
    0.0,
    0.0,
    0.0,
    0.0,
    0.0,
    0.0,
    0.0,
    0.0,
    0.0,
    0.0,
    0.0,
    0.0,
    0.0,
    0.0,
    0.0,
    0.0,
    0.0,
    0.0,
    0.0,
    0.0,
    0.0
  ],
  "clean_accuracy": [
    0.5757000409780084,
    0.7253327141185523,
    0.8439329781905933,
    0.9385312329266072,
    0.9689519048204456,
    0.9792102063953886,
    0.9851023530268813,
    0.9885445787082145,
    0.9906337367611033,
    0.9925604181463876,
    0.994080900431639,
    0.9947365785028389,
    0.9958020115740636,
    0.9963711862168819,
    0.9970495430889644,
    0.9974365628998256,
    0.9977278832887865,
    0.9981924556650807,
    0.9985794225717004,
    0.9988571740783405,
    0.9990301915485519,
    0.9993124957315547,
    0.9993989864726425,
    0.9994854959955197,
    0.9995628873114383,
    0.9997313676120402,
    0.9997996639818605
  ],
  "poison_accuracy": [
    0.0,
    0.0,
    0.0,
    0.0,
    0.0,
    0.0,
    0.0,
    0.0,
    0.0,
    0.0,
    0.0,
    0.0,
    0.0,
    0.0,
    0.0,
    0.0,
    0.0,
    0.0,
    0.0,
    0.0,
    0.0,
    0.0,
    0.0,
    0.0,
    0.0,
    0.0,
    0.0
  ],
  "learning_rate": [
    0.00022844677422729983,
    0.00029976988686583736,
    0.0002979472195505738,
    0.00029432868068776815,
    0.00028895819443741237,
    0.00028190095122753226,
    0.0002732426164307008,
    0.0002630882905024603,
    0.00025156123320416526,
    0.00023880136739645128,
    0.00022496358056525175,
    0.0002102158446975347,
    0.0001947371773289216,
    0.0001787154685133091,
    0.00016234520009213675,
    0.00014582508494828425,
    0.00012935565490085704,
    0.00011313682652054966,
    9.736547441329185e-05,
    8.223304142922608e-05,
    6.792321480584184e-05,
    5.4609696453742196e-05,
    4.245409445075174e-05,
    3.160396133877195e-05,
    2.21910030358024e-05,
    1.4329480104509955e-05,
    8.114820783779283e-06
  ]
}